year,state,incidents,CM_Other,CM_Physical_Abuse,CM_Neglect,CM_Sexual_Abuse,IPV_Other,IPV_Physical_Abuse,IPV_Neglect_or_Emotional_Abuse,IPV_Sexual_Abuse,total_population,nibrs_population,pct_population_covered,incidents_normalized,CM_normalized,IPV_normalized
2008,AR,1883,0,294,0,101,9,1394,0,85,3002258,2599858,0.8659675484252186,0.0007242703255331637,0.00015193137471354205,0.0005723389508196216
2009,AR,2655,0,344,0,90,8,2093,0,120,2977838,2756991,0.925836462561093,0.0009630064080731494,0.0001574179966492455,0.0008055884114239038
2010,AR,2875,0,418,0,84,21,2237,0,115,3034697,2791891,0.9199900352489886,0.0010297679959568621,0.0001798064465983808,0.0008499615493584814
2011,AR,2776,0,376,0,97,20,2183,0,100,3020076,2871257,0.9507234255031992,0.0009668239380870469,0.0001647362113527281,0.0008020877267343188
2012,AR,2775,0,441,0,125,16,2071,0,122,3082595,2893495,0.9386555807688003,0.0009590477951404789,0.00019561118992775174,0.0007634366052127272
2013,AR,2566,0,417,0,96,9,1933,0,111,3109825,2905664,0.9343496820560643,0.0008831027950926191,0.00017655172793550804,0.0007065510671571111
2014,AR,2527,0,404,0,86,10,1920,0,107,3142121,2907341,0.9252797712118661,0.0008691790883835092,0.00016853888140400456,0.0007006402069795046
2015,AR,3011,0,450,0,117,5,2331,0,108,3155575,2929845,0.928466285859154,0.0010276994175459793,0.0001935255960639556,0.0008341738214820238
2016,AR,3272,0,494,0,127,8,2490,0,153,3097115,2960488,0.9558857194518124,0.001105223192933057,0.0002097627147956688,0.0008954604781373881
2017,AR,3246,0,510,0,125,9,2455,0,147,3021597,2959475,0.9794406732598688,0.001096816158271315,0.0002145650833340373,0.0008822510749372778
2018,AR,3623,0,605,0,146,8,2675,0,189,3031153,2922485,0.9641496156742995,0.0012396984073485408,0.0002569730896822396,0.000982725317666301
2019,AR,3712,0,553,0,154,3,2849,0,153,3108635,2911046,0.9364386619850835,0.0012751430241913044,0.00024286802750626406,0.0010322749966850404
2020,AR,4256,0,624,0,147,1,3316,0,168,3145288,2821186,0.8969563359539731,0.0015085853963545828,0.00027328931874750546,0.0012352960776070773
2011,CO,2700,0,317,0,193,63,1817,0,310,5490450,4492005,0.8181487856186651,0.0006010678972975319,0.0001135350472673116,0.00048753285003022036
2012,CO,3070,0,360,0,266,53,2027,0,364,5306586,5090810,0.959338075365216,0.0006030474521736227,0.00012296667917286247,0.0004800807730007602
2013,CO,3047,0,405,0,276,52,1957,0,357,5365782,5173490,0.9641632850533249,0.0005889641228648359,0.00013163261164127118,0.00045733151122356473
2014,CO,3104,0,393,0,251,59,1999,0,402,5492445,5279319,0.9611965163055798,0.0005879546206622483,0.00012198543031781183,0.00046596919034443644
2015,CO,2971,0,297,0,268,26,1916,0,464,5614411,5445853,0.9699776165300331,0.0005455527352647969,0.00010374866894130267,0.00044180406632349424
2016,CO,3584,0,437,0,304,33,2329,0,481,5699669,5519770,0.9684369390573383,0.0006493024165861983,0.0001342447239649478,0.0005150576926212505
2017,CO,3991,0,433,0,303,31,2657,0,567,5664706,5582261,0.9854458466158703,0.0007149432819425677,0.00013184621786763463,0.000583097064074933
2018,CO,4575,0,447,0,348,37,3174,0,569,5757543,5663901,0.9837357706229897,0.0008077471693096331,0.00014036262286364117,0.0006673845464459919
2019,CO,4548,0,473,0,307,47,3173,0,548,5897543,5717847,0.9695303620507727,0.0007954042841650013,0.00013641498277236169,0.0006589893013926396
2020,CO,5307,0,584,0,284,22,3810,0,607,6060729,5754151,0.9494156561034159,0.0009222907080471125,0.000150847622872601,0.0007714430851745115
2019,CT,1028,0,123,0,42,19,755,0,89,3679668,2982031,0.8104076237312714,0.0003447314934016447,5.533141674248189e-05,0.00028940007665916284
2020,CT,991,0,122,0,33,14,750,0,72,3613442,3488526,0.9654301909370622,0.00028407413331590475,4.443137302115564e-05,0.00023964276029474912
2000,IA,1994,0,239,0,73,30,1596,0,56,3153624,2840965,0.9008572359926231,0.0007018741871159975,0.00010982183870621427,0.0005920523484097833
2001,IA,1911,0,158,0,68,34,1587,0,64,3199087,2861030,0.8943270376829389,0.0006679412659077325,7.89925306620343e-05,0.0005889487352456983
2002,IA,1941,0,154,0,80,37,1604,0,66,3146200,2864063,0.9103245184667218,0.0006777085559919597,8.170211339624862e-05,0.0005960064425957111
2003,IA,1965,0,197,0,60,41,1597,0,70,3193360,2916051,0.9131607460480498,0.000673856527200656,8.81328893081774e-05,0.0005857236378924785
2004,IA,2035,0,167,0,76,33,1670,0,89,3147746,2914838,0.9260080069992941,0.0006981520070755219,8.336655416184364e-05,0.0006147854529136782
2005,IA,2132,0,185,0,82,46,1736,0,83,3162663,2946920,0.931784385500447,0.0007234672132260122,9.060307032427077e-05,0.0006328641429017415
2006,IA,1941,0,124,0,95,33,1593,0,96,3173941,2946397,0.9283086862673251,0.000658770695191449,7.432806916379565e-05,0.0005844426260276534
2007,IA,2017,0,150,0,65,46,1654,0,102,3189662,2960191,0.9280578945355339,0.0006813749518189873,7.263044850822126e-05,0.0006087445033107661
2008,IA,2060,0,160,0,99,49,1666,0,86,3170469,2986415,0.941947390117992,0.0006897902669253938,8.672605783188203e-05,0.0006030642090935118
2009,IA,2122,0,152,0,125,45,1706,0,94,3205435,2983079,0.9306315679463162,0.0007113455594035559,9.285707820677897e-05,0.0006184884811967769
2010,IA,2057,0,159,0,81,45,1673,0,99,3236371,2985020,0.9223355418769974,0.0006891076106692752,8.040147134692565e-05,0.0006087061393223496
2011,IA,2142,0,181,0,95,39,1733,0,94,3179378,2932390,0.9223156227413035,0.0007304621827246717,9.412117760598011e-05,0.0006363410051186916
2012,IA,2225,0,161,0,110,32,1839,0,83,3248307,2973777,0.9154852050622062,0.0007482067417967117,9.112989978737478e-05,0.000657076842009337
2013,IA,2497,0,152,0,109,34,2110,0,92,3244635,2967622,0.9146242951826631,0.0008414144389009112,8.794920646901796e-05,0.0007534652324318933
2014,IA,2576,0,211,0,123,30,2114,0,98,3311006,3069576,0.9270825845679531,0.000839203850955311,0.00010880981607883303,0.0007303940348764781
2015,IA,2574,0,210,0,86,21,2129,0,128,3358187,3109068,0.9258174127885076,0.0008279008371640633,9.52053798758985e-05,0.0007326954572881648
2016,IA,2672,0,246,0,118,20,2156,0,132,3318993,3115599,0.9387181593935269,0.0008576199953845152,0.0001168314664371121,0.0007407885289474031
2017,IA,2693,0,227,0,112,22,2222,0,110,3196245,3114868,0.9745398115601276,0.000864563121133865,0.0001088328622593317,0.0007557302588745334
2018,IA,1972,0,153,0,64,7,1655,0,93,3235130,3107058,0.960412100904755,0.0006346840001055661,6.984098784123116e-05,0.0005648430122643349
2019,IA,2504,0,201,0,92,16,2053,0,142,3360588,3138760,0.9339913134249126,0.000797767271151665,9.334896583364131e-05,0.0007044183053180236
2020,IA,2842,0,276,0,92,7,2310,0,157,3277924,3083186,0.9405910570226765,0.0009217737755685191,0.0001193570546830454,0.0008024167208854736
2000,ID,778,0,118,0,27,80,477,0,76,1335701,1282539,0.9601991763126628,0.00060660923371531,0.00011305699085953721,0.0004935522428557728
2001,ID,797,0,99,0,28,82,505,0,83,1363532,1305535,0.9574656113681234,0.0006104776968828871,9.727812735774989e-05,0.0005131995695251372
2002,ID,838,0,120,0,35,91,511,0,81,1386037,1328471,0.9584671982061085,0.00063080037125387,0.0001166754863297731,0.0005141248849240969
2003,ID,911,0,186,0,35,84,510,0,96,1412529,1357404,0.9609742525640181,0.0006711340175806171,0.0001628107770420597,0.0005083232405385575
2004,ID,913,0,168,0,54,91,504,0,96,1440470,1392114,0.966430401188501,0.000655837093801226,0.00015946969860226965,0.0004963673951989564
2005,ID,1112,0,142,0,43,94,729,0,104,1533254,1425914,0.9299920300224229,0.0007798506782316465,0.0001297413448496894,0.0006501093333819571
2006,ID,1058,0,94,0,45,117,690,0,112,1523566,1464850,0.9614614660605448,0.0007222582516981261,9.489026180154964e-05,0.0006273679898965765
2007,ID,1149,0,121,0,36,126,745,0,121,1549218,1497812,0.9668180979048785,0.0007671189708721789,0.00010481956346991478,0.0006622994074022641
2008,ID,1206,0,203,0,38,111,746,0,108,1575635,1521749,0.9658004550546287,0.0007925091457263977,0.0001583704014262536,0.0006341387443001441
2009,ID,1340,0,237,0,61,116,811,0,115,1606258,1543741,0.961079104353099,0.0008680212548607571,0.00019303756264813852,0.0006749836922126186
2010,ID,1172,0,146,0,31,95,792,0,108,1641370,1564555,0.953200679919823,0.000749094790531493,0.00011313120983282787,0.0006359635806986651
2011,ID,1037,0,110,0,34,39,753,0,101,1647369,1584985,0.9621311315194107,0.0006542648668599388,9.085259481950934e-05,0.0005634122720404294
2012,ID,1076,0,121,0,29,68,770,0,88,1658218,1595728,0.9623149670308729,0.0006743003820199934,9.400098262360502e-05,0.0005802993993963884
2013,ID,1155,0,134,0,35,42,844,0,100,1673884,1611676,0.9628361344035787,0.0007166452810614541,0.00010485978571375389,0.0006117854953477001
2014,ID,1102,0,119,0,31,35,794,0,123,1691496,1634011,0.9660152906066583,0.0006744140645320013,9.179864762232323e-05,0.0005826154169096781
2015,ID,1182,0,136,0,42,45,845,0,114,1719351,1654475,0.9622671577822097,0.0007144260263829916,0.00010758699889693105,0.0006068390274860605
2016,ID,1224,0,158,0,47,49,851,0,119,1741411,1680830,0.9652115439721007,0.000728211657335959,0.00012196355372048334,0.0006062481036154757
2017,ID,1223,0,179,0,29,27,882,0,106,1785558,1717917,0.9621177245432521,0.000711908666134627,0.00012107686226983026,0.0005908318038647968
2018,ID,1331,0,173,0,62,41,897,0,158,1819181,1752918,0.9635753671569789,0.0007593053411511548,0.00013406217518446384,0.000625243165966691
2019,ID,1412,0,154,0,44,28,1035,0,151,1871068,1785551,0.9542950870839542,0.0007907923100488309,0.00011089013979438279,0.000679902170254448
2020,ID,1486,0,204,0,44,17,1070,0,151,1997945,1819575,0.9107232681580324,0.0008166742233763379,0.0001362955635244494,0.0006803786598518884
2010,KY,848,0,197,0,182,14,282,0,173,4748332,4227221,0.8902538828371731,0.00020060460524775023,8.96570110718129e-05,0.00011094759417593734
2011,KY,974,0,179,0,234,12,356,0,193,4421541,4294255,0.9712122990604407,0.00022681466284605827,9.617500590905757e-05,0.00013063965693700072
2012,KY,1061,0,254,0,174,13,414,0,206,4454279,4319331,0.9697037388093561,0.00024563989191844754,9.908941917162635e-05,0.00014655047274682122
2013,KY,1070,0,266,0,173,32,421,0,178,4432530,4353991,0.9822812253949775,0.00024575154151673716,0.00010082703432322207,0.0001449245071935151
2014,KY,1249,0,271,0,186,27,608,0,157,4491063,4387495,0.9769390899214729,0.00028467268908568557,0.00010415966286001466,0.00018051302622567092
2015,KY,1916,0,385,0,205,32,1097,0,197,4505815,4424795,0.9820187912730549,0.0004330144108371122,0.00013333951064399592,0.0002996749001931163
2016,KY,1964,0,374,0,186,24,1147,0,233,4480598,4436974,0.9902637996088914,0.0004426440181979881,0.0001262121436817074,0.0003164318745162807
2017,KY,1961,0,323,0,277,23,1110,0,228,4494059,4454535,0.991205277901336,0.0004402255229782682,0.00013469419367004637,0.00030553132930822186
2018,KY,1957,0,471,0,191,18,1037,0,240,4523434,4459343,0.9858313396415201,0.00043885388497812345,0.00014845236170440355,0.0002904015232737199
2019,KY,2146,0,375,0,162,27,1319,0,263,4515484,4460802,0.9878901132193139,0.00048107941128075173,0.00012038194028786752,0.0003606974709928842
2020,KY,2555,0,417,0,126,28,1745,0,239,5279777,4472499,0.8470999816848325,0.000571268993017103,0.00012140863530657022,0.00044986035771053275
2008,MA,4431,0,510,0,188,115,3437,0,181,6621643,5448980,0.8229045268674255,0.0008131797143685608,0.00012809736868184504,0.0006850823456867156
2009,MA,4585,0,515,0,165,86,3613,0,206,6703667,5614606,0.8375424972630652,0.0008166200798417556,0.00012111268359703246,0.0006955073962447232
2010,MA,4901,0,579,0,146,91,3878,0,207,6666219,5585786,0.8379241666077877,0.000877405614894663,0.0001297937300140034,0.0007476118848806595
2011,MA,4405,0,523,0,161,101,3411,0,209,6679812,5601274,0.8385376714194951,0.000786428230434719,0.00012211507596307554,0.0006643131544716434
2012,MA,4071,0,454,0,145,96,3196,0,180,6774799,5738623,0.8470543554133488,0.0007094036321953891,0.00010438044109187867,0.0006050231911035104
2013,MA,4225,0,485,0,160,78,3313,0,189,6763362,5824885,0.8612410514179191,0.0007253362083543281,0.00011073179985527611,0.0006146044084990519
2014,MA,4532,0,554,0,135,81,3582,0,180,6882177,5859977,0.8514714166752758,0.000773381875048315,0.00011757725328956069,0.0006558046217587544
2015,MA,4987,0,524,0,129,77,4056,0,201,6878270,5893830,0.8568768018702377,0.0008461390980058807,0.00011079383015797877,0.0007353452678479019
2016,MA,4717,0,540,0,139,74,3754,0,210,6841558,5911759,0.8640954297252176,0.0007979012676260991,0.00011485583224891271,0.0006830454353771864
2017,MA,4617,0,577,0,206,82,3556,0,196,6872032,5963301,0.8677638579098584,0.0007742356121215415,0.0001313031155059924,0.000642932496615549
2018,MA,4590,0,551,0,158,70,3523,0,288,6913325,6021072,0.870937211833669,0.000762322722598235,0.0001177531177172437,0.0006445696048809913
2019,MA,4627,0,549,0,190,72,3523,0,293,6915116,6011009,0.8692564231749692,0.0007697542958262082,0.0001229410902562282,0.00064681320556998
2020,MA,5012,0,570,0,160,58,3931,0,293,7024800,6815611,0.9702213586151919,0.0007353706072720407,0.00010710705173754782,0.0006282635555344928
2003,MI,5022,0,558,0,617,48,3158,0,641,10745970,8622143,0.8023606058829497,0.0005824538052778758,0.00013627702532885387,0.00044617677994902193
2004,MI,5416,0,608,0,654,53,3384,0,717,10854430,9002773,0.8294100196878141,0.0006015924204686711,0.0001401790315050707,0.00046141338896360046
2005,MI,8058,0,894,0,670,51,5688,0,755,10680554,10017482,0.9379178271089683,0.000804393758830812,0.00015612705867602258,0.0006482667001547894
2006,MI,8145,0,935,0,685,47,5687,0,791,10551168,9997772,0.9475512094964273,0.0008146815110406598,0.00016203610164344616,0.0006526454093972137
2007,MI,7792,0,924,0,624,23,5482,0,739,10620046,9965028,0.9383224893752814,0.0007819345816188374,0.00015534326647150416,0.0006265913151473333
2008,MI,7311,0,874,0,674,16,5026,0,721,10552791,9910343,0.9391205606175655,0.0007377141235172184,0.00015620044634176636,0.000581513677175452
2009,MI,7031,0,883,0,570,32,4916,0,630,10440856,9875732,0.9458737865937429,0.0007119472257853898,0.00014712833438574477,0.0005648188913996451
2010,MI,7279,0,895,0,556,23,5037,0,768,10506475,9780636,0.9309150785586984,0.000744225631134826,0.0001483543605957731,0.0005958712705390528
2011,MI,6753,0,880,0,632,30,4578,0,633,10560190,9846244,0.9323926936920642,0.00068584528272913,0.00015356109395623348,0.0005322841887728966
2012,MI,6535,0,842,0,712,20,4262,0,699,10596047,9863570,0.9308726169296908,0.0006625390198477833,0.00015754944710687915,0.0005049895727409041
2013,MI,6482,0,822,0,673,29,4330,0,628,10736841,9756502,0.9086939072675101,0.000664377458232469,0.00015323114780276784,0.0005111463104297011
2014,MI,7022,0,919,0,639,17,4801,0,646,10515151,9821227,0.9340072244326306,0.0007149819467567545,0.00015863598305995778,0.0005563459636967967
2015,MI,7031,0,851,0,611,31,4927,0,611,10411191,9868487,0.94787301472041,0.0007124699054677784,0.0001481483433073378,0.0005643215621604406
2016,MI,7756,0,982,0,573,20,5515,0,666,10370084,9879398,0.9526825433622331,0.0007850680780347143,0.0001573982544280532,0.000627669823606661
2017,MI,7232,0,993,0,602,20,4964,0,653,10418878,9959001,0.9558611781422145,0.0007261772541241838,0.00016015662615155877,0.0005660206279726249
2018,MI,7386,0,990,0,632,14,5003,0,747,10427784,9977447,0.9568137391415089,0.0007402695298707174,0.00016256663653537823,0.0005777028933353392
2019,MI,6903,0,938,0,593,23,4659,0,690,10597766,9918463,0.9359013022178447,0.0006959747694778919,0.00015435859366516767,0.0005416161758127242
2020,MI,7347,0,863,0,553,23,5373,0,535,10394532,9768670,0.9397893046074609,0.0007520982897364738,0.00014495320243185613,0.0006071450873046178
2005,ND,141,0,13,0,19,19,61,0,29,693523,573458,0.8268766861373018,0.0002458767686561178,5.5801819836849426e-05,0.00019007494881926836
2006,ND,186,0,24,0,20,26,84,0,32,663992,572453,0.8621383992578224,0.00032491750414444503,7.686220528148163e-05,0.0002480552988629634
2007,ND,219,0,13,0,26,25,138,0,17,689399,582314,0.8446690523194841,0.0003760857544211542,6.697417544486308e-05,0.00030911157897629116
2008,ND,292,0,29,0,17,22,189,0,35,693285,605266,0.8730406687004623,0.00048243251727339716,7.599964313211052e-05,0.0004064328741412866
2009,ND,392,0,50,0,30,32,243,0,37,678241,616285,0.9086519393548901,0.0006360693510307731,0.0001298100716389333,0.0005062592793918399
2010,ND,417,0,69,0,18,35,271,0,24,711859,658787,0.9254459099344111,0.000632981525136349,0.0001320608937334829,0.0005009206314028662
2011,ND,508,0,71,0,44,35,332,0,26,724806,670807,0.9254986851654098,0.0007572968081728425,0.0001714353010627498,0.0005858615071100928
2012,ND,529,0,47,0,35,33,368,0,46,728794,689955,0.9467078488571531,0.0007667166699277489,0.00011884833068823329,0.0006478683392395156
2013,ND,571,0,65,0,25,31,411,0,39,755121,722021,0.956165965454543,0.0007908357236146871,0.00012465011405485437,0.0006661856095598328
2014,ND,606,0,61,0,41,31,433,0,40,788748,738176,0.9358831971681704,0.0008209424310733483,0.00013817842899254378,0.0006827640020808046
2015,ND,635,0,67,0,48,26,428,0,66,785675,756927,0.963409806853979,0.0008389184161748755,0.00015193010686631603,0.0006869883093085595
2016,ND,607,0,71,0,27,32,430,0,47,788255,757493,0.9609745577256091,0.0008013275370201441,0.00012937413283027038,0.0006719534041898737
2017,ND,669,0,69,0,28,37,480,0,55,781178,754604,0.9659821449144753,0.0008865577176903382,0.00012854424307318806,0.0007580134746171501
2018,ND,706,0,81,0,29,26,523,0,47,788896,760983,0.964617642883219,0.0009277474004018486,0.00014454987824957983,0.0007831975221522688
2019,ND,737,0,101,0,32,17,532,0,55,792216,762062,0.9619371484544619,0.0009671129120727709,0.00017452648209725718,0.0007925864299755138
2020,ND,806,0,69,0,32,18,625,0,62,798687,765737,0.9587447898864011,0.0010525807163556157,0.00013189907239691956,0.000920681643958696
2000,SC,7905,0,821,0,178,98,6561,0,247,4075438,4007782,0.9833990849572488,0.001972412671148281,0.0002492650548358169,0.0017231476163124641
2001,SC,7529,0,878,0,137,79,6242,0,193,4201688,4055834,0.9652868085398059,0.0018563383018141274,0.00025025679058856946,0.001606081511225558
2002,SC,8288,0,931,0,157,78,6864,0,258,4153020,4101434,0.9875786776851544,0.0020207566426766834,0.0002652730727838117,0.0017554835698928716
2003,SC,8173,0,904,0,160,103,6727,0,279,4168818,4144591,0.9941885205830525,0.001971967800924144,0.00025672014440025564,0.0017152476565238887
2004,SC,7897,0,867,0,168,149,6484,0,229,4218953,4196056,0.9945728241106265,0.0018820053879166532,0.0002466601970993714,0.0016353451908172818
2005,SC,7663,0,859,0,177,143,6226,0,258,4283275,4254373,0.9932523594679304,0.0018012054890344594,0.00024351414415238156,0.001557691344882078
2006,SC,7670,0,871,0,161,107,6283,0,248,4365166,4318330,0.98927051113291,0.001776149576340854,0.00023898127285316314,0.001537168303487691
2007,SC,7778,0,932,0,155,84,6351,0,256,4432638,4407709,0.9943760352187568,0.0017646355510311594,0.0002466133766997776,0.0015180221743313817
2008,SC,7014,0,936,0,171,74,5604,0,229,4511886,4478308,0.9925578793435827,0.0015662165264202462,0.000247191573245967,0.0013190249531742791
2009,SC,7138,0,960,0,193,75,5649,0,261,4605766,4555488,0.98908368336559,0.001566901284780028,0.0002531013142829045,0.0013137999704971235
2010,SC,6766,0,868,0,186,58,5453,0,201,4656886,4614149,0.9908228374067993,0.0014663592354733235,0.000228427820601372,0.0012379314148719515
2011,SC,6714,0,901,0,191,59,5328,0,235,4712996,4670512,0.9909857763511788,0.0014375297611910643,0.00023380734274957435,0.00120372241844149
2012,SC,6237,0,822,0,188,59,4926,0,242,4764331,4716691,0.9900006947460199,0.0013223253335866182,0.0002141331709030759,0.0011081921626835422
2013,SC,5499,0,869,0,168,61,4154,0,247,4841102,4763786,0.9840292561487033,0.001154333968822277,0.00021768400175826538,0.0009366499670640117
2014,SC,5505,0,928,0,203,51,4100,0,223,4953448,4817671,0.9725893963154554,0.0011426683142124069,0.00023476073812429284,0.000907907576088114
2015,SC,5494,0,897,0,212,42,4067,0,276,4996301,4829048,0.9665246349249175,0.0011376983620788198,0.00022965188997914289,0.0009080464720996768
2016,SC,5681,0,907,0,261,41,4204,0,268,4995641,4942318,0.9893260944891756,0.0011494606377007712,0.00023632635536604483,0.0009131342823347264
2017,SC,5954,0,904,0,272,31,4465,0,282,5067266,5019569,0.9905872318524427,0.0011861576163212418,0.0002342830629482332,0.0009518745533730087
2018,SC,6081,0,907,0,284,27,4566,0,297,5107178,4908027,0.9610056669260402,0.0012389907390485016,0.00024266370172780223,0.0009963270373206992
2019,SC,6557,0,948,0,228,38,5026,0,317,5260823,5100816,0.9695851770721045,0.0012854805976141857,0.00023055134707858507,0.0010549292505356005
2020,SC,6528,0,768,0,149,46,5322,0,243,5366615,5139301,0.957642946251967,0.0012702116494052401,0.00017842893420720056,0.0010917827151980396
2008,SD,320,0,17,0,35,26,185,0,57,870399,704777,0.8097171527081258,0.0004540443289153874,7.378220344875046e-05,0.00038026212546663694
2009,SD,297,0,28,0,26,20,161,0,62,851167,740661,0.8701711884976744,0.00040099316691441836,7.290784852989424e-05,0.0003280853183845241
2010,SD,300,0,19,0,34,15,196,0,36,869545,738491,0.8492843958622038,0.0004062337929643015,7.176797009035994e-05,0.0003344658228739416
2011,SD,321,0,17,0,38,28,195,0,43,859047,746684,0.8692004046344379,0.00042990073444723603,7.3659004344542e-05,0.00035624173010269405
2012,SD,476,0,41,0,40,29,311,0,55,868319,769711,0.8864380486894793,0.00061841392418713,0.00010523430222512085,0.0005131796219620091
2013,SD,465,0,42,0,20,14,365,0,24,889111,782947,0.8805953362403569,0.0005939099326008018,7.918799101344024e-05,0.0005147219415873616
2014,SD,542,0,46,0,35,12,406,0,43,890914,791744,0.8886873480493067,0.0006845647077843343,0.00010230579581278797,0.0005822589119715463
2015,SD,660,0,50,0,43,20,500,0,47,904563,797431,0.8815649103489751,0.0008276578161621508,0.00011662451045921214,0.0007110333057029386
2016,SD,669,0,85,0,31,21,500,0,32,915036,802805,0.8773479950515608,0.0008333281431979123,0.0001444933701210132,0.0006888347730768991
2017,SD,644,0,59,0,39,14,481,0,51,919143,822799,0.8951806193377961,0.0007826941938432108,0.00011910563819353208,0.0006635885556496787
2018,SD,614,0,34,0,24,10,509,0,37,925617,834927,0.9020221106569996,0.000735393633215838,6.946715102038861e-05,0.0006659264821954494
2019,SD,673,0,50,0,34,18,537,0,34,954924,848738,0.8888016219091781,0.0007929419915215296,9.897047145291009e-05,0.0006939715200686195
2020,SD,1002,0,81,0,44,23,809,0,45,942669,848707,0.900323443329525,0.0011806194599549668,0.00014728286676084915,0.0010333365931941177
2000,TN,7123,0,693,0,144,137,5931,0,218,6975748,5684989,0.814964789439068,0.0012529487743951659,0.0001472298363286191,0.0011057189380665469
2001,TN,8708,0,844,0,159,155,7313,0,237,5776399,5735728,0.9929591082610464,0.00151820309470742,0.00017486882223145868,0.0013433342724759611
2002,TN,8614,0,904,0,202,166,7070,0,272,5845384,5796512,0.9916392148060761,0.0014860661032013735,0.00019080440099149282,0.0012952617022098808
2003,TN,8487,0,914,0,189,194,6926,0,264,5860993,5841748,0.996716426721547,0.0014528185741664995,0.0001888133483334098,0.0012640052258330898
2004,TN,8710,0,1032,0,206,190,7030,0,252,5930723,5900962,0.9949818934386246,0.0014760305184137773,0.00020979630100990314,0.0012662342174038742
2005,TN,9153,0,1105,0,201,219,7340,0,288,5982851,5962959,0.9966751637304689,0.0015349761754189489,0.00021901877909943703,0.001315957396319512
2006,TN,8946,0,1095,0,194,226,7155,0,276,6066037,6036872,0.9951920833981065,0.0014818932718798743,0.0002135211745420476,0.0012683720973378266
2007,TN,9151,0,1116,0,164,229,7338,0,304,6187477,6156719,0.9950289916229184,0.0014863436190607367,0.00020790294310979598,0.0012784406759509407
2008,TN,8772,0,1106,0,223,210,6948,0,285,6234944,6214888,0.9967832910768726,0.0014114494098686895,0.00021384134356081718,0.0011976080663078723
2009,TN,8570,0,1251,0,161,234,6674,0,250,6312836,6296254,0.9973732883287322,0.0013611267906282053,0.00022426033003115822,0.001136866460597047
2010,TN,8550,0,1185,0,196,250,6613,0,306,6358616,6346105,0.9980324334729445,0.0013472830972699002,0.00021761379617891605,0.0011296693010909842
2011,TN,8790,0,1281,0,218,206,6756,0,329,6426736,6403353,0.9963616056424287,0.0013727183242904148,0.00023409610558718222,0.0011386222187032325
2012,TN,9556,0,1519,0,182,206,7332,0,317,6480488,6456243,0.9962587694013167,0.0014801177712796747,0.00026346591973071644,0.001216651851548958
2013,TN,8721,0,1167,0,232,149,6901,0,272,6545789,6495978,0.9923903749418137,0.0013425230196284531,0.0002153640298658647,0.0011271589897625886
2014,TN,9153,0,1280,0,180,162,7235,0,296,6564098,6549352,0.9977535375005065,0.0013975428408795252,0.0002229228174023934,0.0011746200234771318
2015,TN,9258,0,1236,0,174,162,7317,0,369,6632138,6600299,0.99519928566022,0.0014026637278099067,0.00021362668570014783,0.001189037042109759
2016,TN,9597,0,1336,0,191,146,7529,0,395,6671688,6651194,0.9969282136694642,0.001442898823880344,0.0002295828388105955,0.0012133159850697484
2017,TN,9463,0,1237,0,184,116,7480,0,446,6734436,6716522,0.9973399405681486,0.0014089137205238068,0.0002115678322798615,0.0011973458882439452
2018,TN,9182,0,1253,0,210,108,7210,0,401,6791604,6772845,0.9972379131645485,0.0013557079779619938,0.00021600966801986463,0.0011396983099421292
2019,TN,9014,0,1208,0,195,115,7087,0,409,6854635,6830634,0.9964985735929046,0.001319643242486715,0.00020539821047358122,0.0011142450320131337
2020,TN,9776,0,1231,0,229,98,7814,0,404,6911592,6886834,0.9964179019826401,0.0014195202033329103,0.0002119987210378528,0.0012075214822950574
2020,TX,21014,0,2368,0,722,220,16133,0,1571,30003180,26328281,0.8775163499335737,0.0007981531342665326,0.00011736428975366831,0.0006807888445128644
2020,UT,1820,0,260,0,73,44,1215,0,228,3674826,3103855,0.8446263850315634,0.0005863675977131664,0.00010728593958158483,0.00047908165813158153
2000,VA,3052,0,353,0,135,54,2228,0,282,7593334,6980761,0.9193275312267313,0.0004372016174167831,6.990641851225102e-05,0.000367295198904532
2001,VA,2904,0,316,0,143,65,2104,0,276,7487243,7147779,0.9546610147420085,0.0004062800486696637,6.421575149427536e-05,0.00034206429717538835
2002,VA,2966,0,285,0,160,66,2148,0,307,7412994,7234922,0.9759783968528776,0.0004099560437555512,6.150722841241412e-05,0.0003484488153431371
2003,VA,2887,0,330,0,162,50,2035,0,310,7500129,7316166,0.9754720218812236,0.0003946055898676985,6.724833744887691e-05,0.00032735725241882154
2004,VA,2694,0,296,0,175,49,1923,0,251,7564043,7401012,0.9784465794284882,0.00036400427401009485,6.36399454561079e-05,0.0003003643285539869
2005,VA,2741,0,309,0,133,60,1915,0,324,7586902,7518412,0.9909725998833252,0.00036457166752766406,5.8789010232479946e-05,0.00030578265729518415
2006,VA,2691,0,330,0,173,55,1842,0,291,7674172,7623071,0.993341170878109,0.0003530073378563574,6.598390596125892e-05,0.0002870234318950984
2007,VA,2580,0,341,0,141,47,1731,0,320,7756385,7711608,0.9942270787228844,0.0003345605741370671,6.250317702870789e-05,0.00027205739710835924
2008,VA,2522,0,283,0,168,43,1685,0,343,7792837,7769089,0.9969525860735955,0.0003246197848936986,5.8050564229602725e-05,0.00026656922066409586
2009,VA,2499,0,307,0,146,50,1716,0,280,7892821,7882590,0.9987037587701533,0.0003170277789406781,5.746842091241584e-05,0.0002595593580282623
2010,VA,2488,0,310,0,171,43,1667,0,297,8019821,8001024,0.9976561821018199,0.00031096019709477186,6.011730498496193e-05,0.00025084289210980994
2011,VA,2362,0,305,0,163,45,1517,0,332,8129949,8096604,0.9958984982562621,0.00029172724762134843,5.7802011806431436e-05,0.00023392523581491697
2012,VA,2583,0,447,0,167,36,1645,0,288,8198021,8185867,0.9985174470765567,0.0003155438513721271,7.500732665214326e-05,0.00024053652471998384
2013,VA,2894,0,589,0,151,60,1819,0,275,8268226,8260405,0.9990540897164639,0.0003503460181431782,8.95839852888569e-05,0.0002607620328543213
2014,VA,3006,0,642,0,138,43,1889,0,294,8340068,8325670,0.9982736351789937,0.0003610520234407561,9.368615378702254e-05,0.00026736586965373356
2015,VA,3010,0,536,0,155,41,1954,0,324,8391836,8380866,0.9986927771229085,0.00035915142898120553,8.244971343056911e-05,0.0002767017155506364
2016,VA,3333,0,645,0,184,33,2096,0,375,8426063,8411424,0.9982626524392234,0.00039624681861240144,9.855643943284751e-05,0.0002976903791795539
2017,VA,3322,0,660,0,171,32,2078,0,381,8490110,8467744,0.9973656407278586,0.00039231228530290947,9.813711893037862e-05,0.00029417516637253086
2018,VA,3650,0,631,0,177,35,2416,0,391,8527392,8515274,0.998578932456723,0.0004286415211066608,9.488831480936491e-05,0.00033375320629729587
2019,VA,4032,0,583,0,227,32,2718,0,472,8561864,8534283,0.9967786220383785,0.00047244742176935075,9.491131240902135e-05,0.00037753610936032937
2020,VA,4213,0,628,0,166,29,2966,0,424,8633450,8590814,0.9950615339174953,0.000490407544616843,9.242430344784557e-05,0.0003979832411689975
2000,VT,162,0,15,0,2,13,117,0,15,643372,515166,0.8007280391437613,0.00031446174631089783,3.2999072143736196e-05,0.00028146267416716167
2001,VT,175,0,15,0,11,9,128,0,12,626916,562536,0.8973068162241832,0.00031109120127422954,4.621926418931411e-05,0.00026487193708491543
2002,VT,186,0,11,0,14,21,127,0,13,643491,565746,0.879182459428337,0.0003287694477733824,4.4189441905024515e-05,0.00028458000586835787
2003,VT,249,0,23,0,22,16,170,0,18,634356,569065,0.8970751439254929,0.00043755985695834393,7.907708258283325e-05,0.0003584827743755107
2004,VT,234,0,24,0,11,19,158,0,22,632382,602735,0.9531185264602724,0.00038823031680589314,5.806863712908658e-05,0.0003301616796768066
2005,VT,240,0,24,0,15,9,167,0,25,644422,608184,0.9437666622182359,0.00039461741841284874,6.412533049208792e-05,0.00033049208792076083
2006,VT,257,0,24,0,14,15,185,0,19,642446,623908,0.9711446565158783,0.0004119197061105163,6.0906415689492684e-05,0.0003510132904210236
2007,VT,272,0,34,0,16,11,191,0,20,636935,614721,0.9651235997393769,0.00044247715630342874,8.133771255577733e-05,0.0003611394437476514
2008,VT,296,0,30,0,7,11,228,0,20,643859,617193,0.9585840999349237,0.00047959066288826995,5.994883286103374e-05,0.00041964183002723624
2009,VT,286,0,36,0,14,13,202,0,21,643464,617666,0.9599076249797969,0.0004630334193560921,8.09498984888273e-05,0.0003820835208672648
2010,VT,247,0,17,0,14,10,189,0,17,649837,617320,0.9499612979870337,0.00040011663318862176,5.021706732326832e-05,0.00034989956586535347
2011,VT,297,0,30,0,7,9,227,0,24,662475,623400,0.9410166421374392,0.0004764196342637151,5.935194096888034e-05,0.00041706769329483476
2012,VT,274,0,58,0,18,8,173,0,17,646251,622979,0.9639892240012008,0.00043982220909533065,0.00012199448135490923,0.00031782772774042144
2013,VT,271,0,77,0,10,9,165,0,10,664028,626376,0.9432975717891414,0.00043264748330076506,0.00013889421050614965,0.00029375327279461535
2014,VT,246,0,75,0,6,10,137,0,18,672570,626306,0.9312131079292861,0.00039277924848237124,0.00012932975254907345,0.00026344949593329776
2015,VT,172,0,43,0,9,1,102,0,17,641500,626042,0.9759033515198753,0.0002747419502205922,8.306151983413254e-05,0.0001916804303864597
2016,VT,279,0,25,0,8,4,216,0,26,727124,625702,0.8605162255681287,0.00044589916605668515,5.274076157659717e-05,0.00039315840448008794
2017,VT,342,0,33,0,14,5,261,0,29,636517,623657,0.9797962976636916,0.0005483783554101052,7.536193773179808e-05,0.00047301641767830713
2018,VT,428,0,45,0,34,3,301,0,45,648985,630980,0.9722566777352327,0.0006783099305841707,0.0001252020666265175,0.0005531078639576532
2019,VT,426,0,52,0,10,3,325,0,36,652209,628664,0.9638996088677095,0.000677627476680707,9.862183932911698e-05,0.0005790056373515901
2020,VT,387,0,41,0,14,4,291,0,37,649504,623347,0.9597277306991181,0.0006208420029293475,8.823335958944216e-05,0.0005326086433399054
