,state,month,initial_claims,weeks_claimed,weeks_compensated,first_payment,partial_weeks,weekly_benefit_amounts
0,Alabama,Jan,12918.0,69926.0,53716.0,5250.0,3179.0,
1,Alaska,Jan,5105.0,39919.0,33608.0,2239.0,1725.0,
2,Arizona,Jan,17551.0,66970.0,54980.0,4050.0,1312.0,
3,Arkansas,Jan,8998.0,50154.0,34786.0,4332.0,4841.0,
4,California,Jan,222158.0,1567289.0,1379887.0,102237.0,84738.0,
5,Colorado,Jan,10920.0,92376.0,79850.0,7678.0,4732.0,
6,Connecticut,Jan,19233.0,176983.0,173993.0,17211.0,20212.0,
7,Delaware,Jan,3587.0,26495.0,23705.0,1927.0,1888.0,
8,District of Columbia,Jan,2631.0,28827.0,26026.0,1557.0,2507.0,
9,Florida,Jan,25980.0,135708.0,104997.0,10188.0,3417.0,
10,Georgia,Jan,45981.0,145090.0,118532.0,22040.0,25931.0,
11,Hawaii,Jan,5898.0,29470.0,26765.0,2245.0,3089.0,
12,Idaho,Jan,7538.0,43679.0,36334.0,4840.0,4586.0,
13,Illinois,Jan,55133.0,564366.0,486165.0,48856.0,11569.0,
14,Indiana,Jan,16945.0,114497.0,86767.0,10424.0,1554.0,
15,Iowa,Jan,17461.0,131014.0,154466.0,18970.0,20488.0,
16,Kansas,Jan,10128.0,46596.0,36492.0,4492.0,3599.0,
17,Kentucky,Jan,14700.0,97983.0,88066.0,7319.0,2494.0,
18,Louisiana,Jan,9085.0,51718.0,45436.0,3488.0,1213.0,
19,Maine,Jan,5369.0,34692.0,30384.0,3593.0,1522.0,
20,Maryland,Jan,16103.0,119752.0,114270.0,9674.0,8910.0,
21,Massachusetts,Jan,30077.0,312954.0,289124.0,24606.0,18675.0,
22,Michigan,Jan,54329.0,353155.0,327537.0,45059.0,28169.0,
23,Minnesota,Jan,20490.0,283621.0,235966.0,21128.0,17700.0,
24,Mississippi,Jan,5119.0,29168.0,24399.0,2167.0,1063.0,
25,Missouri,Jan,28576.0,114957.0,97008.0,11540.0,5374.0,
26,Montana,Jan,5154.0,45772.0,34202.0,3964.0,8188.0,
27,Nebraska,Jan,4097.0,20991.0,23201.0,3272.0,1039.0,
28,Nevada,Jan,10527.0,74092.0,66985.0,5207.0,5829.0,
29,New Hampshire,Jan,2452.0,15830.0,13397.0,1535.0,1282.0,
30,New Jersey,Jan,51886.0,487911.0,442938.0,36426.0,41004.0,
31,New Mexico,Jan,4186.0,39636.0,34258.0,2463.0,1023.0,
32,New York,Jan,78414.0,710264.0,619727.0,47288.0,62925.0,
33,North Carolina,Jan,16944.0,79454.0,55360.0,6954.0,1707.0,
34,North Dakota,Jan,3691.0,31855.0,27391.0,3555.0,1027.0,
35,Ohio,Jan,35215.0,288822.0,247073.0,27496.0,6097.0,
36,Oklahoma,Jan,7931.0,72048.0,61718.0,4202.0,2565.0,
37,Oregon,Jan,21455.0,134450.0,114697.0,10646.0,8355.0,
38,Pennsylvania,Jan,85069.0,599863.0,589092.0,55085.0,75930.0,
39,Puerto Rico,Jan,8762.0,73295.0,66758.0,4684.0,4398.0,
40,Rhode Island,Jan,5841.0,46777.0,41343.0,4953.0,2771.0,
41,South Carolina,Jan,16202.0,75383.0,57228.0,7754.0,3597.0,
42,South Dakota,Jan,1426.0,11936.0,10604.0,1277.0,633.0,
43,Tennessee,Jan,12588.0,79020.0,71689.0,7770.0,2742.0,
44,Texas,Jan,70098.0,573475.0,520543.0,37528.0,47219.0,
45,Utah,Jan,6647.0,47768.0,40265.0,4338.0,2809.0,
46,Vermont,Jan,2666.0,22295.0,21406.0,2138.0,3492.0,
47,Virgin Islands,Jan,157.0,2205.0,2001.0,130.0,76.0,
48,Virginia,Jan,13522.0,95333.0,78203.0,15716.0,3511.0,
49,Washington,Jan,35855.0,255408.0,225617.0,16736.0,22653.0,
50,West Virginia,Jan,7918.0,82925.0,72567.0,7604.0,4905.0,
51,Wisconsin,Jan,32573.0,200477.0,160415.0,19152.0,24003.0,
52,Wyoming,Jan,2338.0,16014.0,15558.0,1510.0,817.0,
53,US,Jan,1215627.0,8910658.0,7877495.0,736493.0,625084.0,
54,Alabama,Feb,7573.0,58578.0,49223.0,3579.0,1728.0,242.67
55,Alaska,Feb,3580.0,35988.0,30521.0,1682.0,1630.0,272.65
56,Arizona,Feb,13374.0,63915.0,52195.0,3821.0,1207.0,234.35
57,Arkansas,Feb,5799.0,44674.0,31896.0,2845.0,3331.0,283.32
58,California,Feb,161349.0,1479655.0,1314529.0,80823.0,80458.0,338.9
59,Colorado,Feb,8090.0,94500.0,81307.0,6406.0,4808.0,459.64
60,Connecticut,Feb,10832.0,164437.0,160028.0,8437.0,15478.0,425.19
61,Delaware,Feb,2384.0,24742.0,22285.0,1927.0,1515.0,298.45
62,District of Columbia,Feb,1862.0,27783.0,24633.0,1369.0,2444.0,360.69
63,Florida,Feb,20600.0,114794.0,87142.0,9948.0,2770.0,254.21
64,Georgia,Feb,22452.0,103834.0,82260.0,9896.0,6503.0,318.9
65,Hawaii,Feb,4420.0,25556.0,22218.0,1457.0,2400.0,543.06
66,Idaho,Feb,4314.0,40767.0,35486.0,2775.0,4585.0,354.09
67,Illinois,Feb,39916.0,510312.0,458921.0,26143.0,11845.0,426.73
68,Indiana,Feb,11332.0,110236.0,90819.0,7529.0,1750.0,305.09
69,Iowa,Feb,9747.0,126572.0,123117.0,7935.0,8977.0,428.79
70,Kansas,Feb,6836.0,47435.0,38270.0,3338.0,3213.0,404.24
71,Kentucky,Feb,10138.0,92226.0,83149.0,4627.0,2112.0,383.57
72,Louisiana,Feb,7017.0,48943.0,41792.0,2765.0,1091.0,220.4
73,Maine,Feb,3070.0,35043.0,31939.0,2190.0,1204.0,356.95
74,Maryland,Feb,11031.0,114520.0,105857.0,5848.0,6922.0,357.78
75,Massachusetts,Feb,24418.0,311734.0,277813.0,17153.0,14222.0,549.63
76,Michigan,Feb,23589.0,307630.0,284774.0,18348.0,16281.0,329.75
77,Minnesota,Feb,14774.0,263839.0,224930.0,10807.0,14579.0,487.56
78,Mississippi,Feb,3460.0,25863.0,21688.0,1544.0,880.0,214.71
79,Missouri,Feb,11623.0,101627.0,88725.0,7865.0,4830.0,272.71
80,Montana,Feb,3187.0,44095.0,34910.0,2046.0,8818.0,397.14
81,Nebraska,Feb,2244.0,21582.0,22433.0,1923.0,1045.0,365.55
82,Nevada,Feb,9815.0,73597.0,65299.0,4751.0,5974.0,378.31
83,New Hampshire,Feb,2036.0,14242.0,11984.0,953.0,843.0,339.17
84,New Jersey,Feb,35250.0,455122.0,422175.0,22337.0,29682.0,474.35
85,New Mexico,Feb,3152.0,37856.0,32819.0,1903.0,953.0,350.5
86,New York,Feb,74202.0,684368.0,601813.0,39651.0,51341.0,390.07
87,North Carolina,Feb,10865.0,76843.0,53836.0,5909.0,1580.0,271.71
88,North Dakota,Feb,1777.0,31943.0,29252.0,1713.0,1186.0,485.84
89,Ohio,Feb,27945.0,274770.0,240904.0,15732.0,5540.0,394.42
90,Oklahoma,Feb,5940.0,68658.0,57763.0,3334.0,2238.0,409.15
91,Oregon,Feb,16643.0,122435.0,106357.0,6842.0,6819.0,419.62
92,Pennsylvania,Feb,53125.0,560534.0,474973.0,30677.0,50253.0,413.43
93,Puerto Rico,Feb,5940.0,72676.0,67262.0,4301.0,4910.0,161.0
94,Rhode Island,Feb,4673.0,46336.0,42653.0,2717.0,2043.0,387.99
95,South Carolina,Feb,7914.0,63484.0,49947.0,3612.0,3442.0,262.11
96,South Dakota,Feb,708.0,12117.0,11077.0,632.0,549.0,365.96
97,Tennessee,Feb,8120.0,75111.0,70751.0,5007.0,2243.0,241.23
98,Texas,Feb,51410.0,511301.0,442955.0,29460.0,37770.0,437.6
99,Utah,Feb,4362.0,47240.0,40160.0,2777.0,2832.0,429.5
100,Vermont,Feb,2487.0,20733.0,19493.0,1237.0,2881.0,409.4
101,Virgin Islands,Feb,164.0,2101.0,1803.0,138.0,70.0,433.36
102,Virginia,Feb,11061.0,91961.0,76840.0,12278.0,3425.0,318.85
103,Washington,Feb,24894.0,228079.0,202883.0,11140.0,18331.0,480.75
104,West Virginia,Feb,4655.0,77958.0,70849.0,4549.0,3362.0,339.6
105,Wisconsin,Feb,25273.0,178848.0,152306.0,11626.0,21513.0,337.25
106,Wyoming,Feb,1753.0,16416.0,15858.0,1128.0,927.0,418.32
107,US,Feb,843175.0,8285609.0,7284872.0,479430.0,487333.0,386.68
108,Alabama,Mar,150556.0,114671.0,64722.0,10150.0,2489.0,248.65
109,Alaska,Mar,30261.0,49764.0,34559.0,2039.0,1971.0,273.14
110,Arizona,Mar,193236.0,115457.0,68110.0,3914.0,1819.0,234.38
111,Arkansas,Mar,52031.0,71866.0,55952.0,16847.0,6971.0,271.47
112,California,Mar,1654010.0,2103491.0,1836915.0,215234.0,124661.0,336.78
113,Colorado,Mar,108375.0,137912.0,113259.0,16497.0,7583.0,455.64
114,Connecticut,Mar,82041.0,289438.0,231201.0,29040.0,25688.0,405.97
115,Delaware,Mar,39249.0,47696.0,26261.0,1603.0,1619.0,289.62
116,District of Columbia,Mar,39175.0,62073.0,31731.0,3120.0,2623.0,366.26
117,Florida,Mar,372727.0,151905.0,85295.0,8980.0,2588.0,254.57
118,Georgia,Mar,312520.0,345610.0,164329.0,63320.0,25006.0,297.62
119,Hawaii,Mar,83622.0,57327.0,29207.0,3417.0,3209.0,542.52
120,Idaho,Mar,62296.0,69088.0,46889.0,11457.0,7732.0,343.6
121,Illinois,Mar,433235.0,645180.0,600355.0,48850.0,20047.0,418.56
122,Indiana,Mar,280444.0,285618.0,132282.0,23744.0,6130.0,296.82
123,Iowa,Mar,126040.0,223102.0,121881.0,15846.0,13251.0,417.96
124,Kansas,Mar,103119.0,83432.0,59120.0,17560.0,5616.0,393.05
125,Kentucky,Mar,215419.0,158840.0,113840.0,17875.0,2124.0,388.34
126,Louisiana,Mar,219100.0,187542.0,108459.0,46968.0,8678.0,210.62
127,Maine,Mar,61014.0,79829.0,66540.0,17850.0,3055.0,349.92
128,Maryland,Mar,189972.0,200360.0,149402.0,20635.0,10268.0,352.62
129,Massachusetts,Mar,408645.0,689664.0,393581.0,70296.0,27842.0,557.19
130,Michigan,Mar,656570.0,558223.0,408797.0,28890.0,27804.0,326.15
131,Minnesota,Mar,282933.0,535953.0,396810.0,6462.0,55111.0,452.18
132,Mississippi,Mar,60907.0,49542.0,39244.0,13374.0,3321.0,211.92
133,Missouri,Mar,196436.0,214236.0,123544.0,20527.0,8912.0,269.39
134,Montana,Mar,44005.0,75986.0,48722.0,1678.0,12657.0,388.88
135,Nebraska,Mar,52974.0,53879.0,25475.0,3939.0,1244.0,352.92
136,Nevada,Mar,208869.0,223799.0,172863.0,63192.0,23513.0,371.43
137,New Hampshire,Mar,80054.0,61247.0,34703.0,13813.0,5492.0,307.27
138,New Jersey,Mar,445367.0,673566.0,606528.0,91605.0,58857.0,460.6
139,New Mexico,Mar,62526.0,67442.0,47608.0,8082.0,1341.0,344.58
140,New York,Mar,663655.0,1315990.0,1018981.0,226106.0,94681.0,382.71
141,North Carolina,Mar,332141.0,220269.0,84470.0,20052.0,6337.0,268.2
142,North Dakota,Mar,25974.0,47438.0,35955.0,3678.0,1457.0,481.45
143,Ohio,Mar,577485.0,781333.0,428709.0,111262.0,18264.0,378.76
144,Oklahoma,Mar,98783.0,119994.0,95160.0,21261.0,7204.0,389.99
145,Oregon,Mar,110509.0,242764.0,145942.0,21085.0,8734.0,416.74
146,Pennsylvania,Mar,565647.0,897268.0,455008.0,21152.0,49283.0,410.47
147,Puerto Rico,Mar,96452.0,66895.0,64028.0,3255.0,2782.0,162.05
148,Rhode Island,Mar,60006.0,106839.0,99773.0,30611.0,3991.0,352.04
149,South Carolina,Mar,140472.0,130687.0,58893.0,4399.0,3728.0,263.52
150,South Dakota,Mar,13958.0,18060.0,12865.0,802.0,671.0,362.4
151,Tennessee,Mar,183318.0,188513.0,114914.0,25132.0,7892.0,242.03
152,Texas,Mar,556280.0,818491.0,594997.0,72051.0,61628.0,426.7
153,Utah,Mar,64843.0,85242.0,48682.0,6942.0,3470.0,426.27
154,Vermont,Mar,47822.0,44432.0,27042.0,4686.0,5285.0,396.79
155,Virgin Islands,Mar,2615.0,2338.0,2080.0,148.0,76.0,448.17
156,Virginia,Mar,235849.0,188338.0,164498.0,111068.0,10852.0,300.76
157,Washington,Mar,406263.0,509548.0,392552.0,56552.0,78762.0,464.5
158,West Virginia,Mar,27154.0,106751.0,91684.0,12764.0,6535.0,325.34
159,Wisconsin,Mar,239501.0,399934.0,207690.0,29272.0,27119.0,326.95
160,Wyoming,Mar,12775.0,24031.0,21100.0,1921.0,1566.0,414.18
161,US,Mar,11769230.0,14998893.0,10603207.0,1701003.0,909539.0,377.93
162,Alabama,Apr,300079.0,726784.0,644488.0,177498.0,24063.0,254.95
163,Alaska,Apr,49769.0,187364.0,148127.0,31379.0,13130.0,257.87
164,Arizona,Apr,323390.0,701080.0,589169.0,162957.0,35635.0,239.04
165,Arkansas,Apr,139108.0,378919.0,327144.0,78216.0,37830.0,236.8
166,California,Apr,2354590.0,9943780.0,9005626.0,2040331.0,575944.0,314.88
167,Colorado,Apr,255141.0,823930.0,814630.0,212161.0,44364.0,391.25
168,Connecticut,Apr,217671.0,1110276.0,934465.0,80453.0,63662.0,294.87
169,Delaware,Apr,43886.0,194469.0,34278.0,2259.0,1926.0,272.02
170,District of Columbia,Apr,42011.0,200969.0,193883.0,40353.0,10718.0,369.33
171,Florida,Apr,606591.0,887664.0,767606.0,295866.0,9290.0,239.39
172,Georgia,Apr,1353948.0,2903953.0,1947987.0,447682.0,197601.0,269.09
173,Hawaii,Apr,123958.0,283807.0,207416.0,57892.0,16260.0,506.29
174,Idaho,Apr,60180.0,267793.0,170528.0,34357.0,24507.0,303.09
175,Illinois,Apr,519269.0,2140907.0,1981808.0,437295.0,62679.0,357.34
176,Indiana,Apr,349939.0,1313468.0,1072748.0,262912.0,44050.0,272.72
177,Iowa,Apr,157324.0,640518.0,652623.0,135641.0,76276.0,340.4
178,Kansas,Apr,120681.0,428157.0,357769.0,88537.0,27996.0,360.62
179,Kentucky,Apr,417539.0,945326.0,860305.0,208678.0,3666.0,356.64
180,Louisiana,Apr,330370.0,995721.0,935016.0,221108.0,67503.0,195.32
181,Maine,Apr,46687.0,274739.0,264042.0,48098.0,10536.0,333.15
182,Maryland,Apr,267768.0,825084.0,687573.0,143915.0,37185.0,333.02
183,Massachusetts,Apr,353459.0,1975468.0,1723282.0,383921.0,90651.0,531.09
184,Michigan,Apr,684799.0,3352005.0,2711721.0,588342.0,160654.0,332.51
185,Minnesota,Apr,272310.0,1595752.0,1444368.0,3186.0,147285.0,383.56
186,Mississippi,Apr,157712.0,442944.0,363510.0,91489.0,22166.0,206.18
187,Missouri,Apr,306982.0,907121.0,854370.0,171944.0,47477.0,251.75
188,Montana,Apr,45957.0,225715.0,128678.0,1311.0,27556.0,367.68
189,Nebraska,Apr,54881.0,252945.0,132313.0,21400.0,9188.0,301.99
190,Nevada,Apr,207147.0,1002919.0,825512.0,171822.0,44482.0,358.58
191,New Hampshire,Apr,89948.0,353045.0,205963.0,58333.0,17015.0,263.9
192,New Jersey,Apr,565952.0,2031799.0,1817560.0,320523.0,131219.0,430.8
193,New Mexico,Apr,61652.0,298892.0,294877.0,64270.0,25796.0,314.11
194,New York,Apr,1168446.0,6066633.0,4764396.0,886925.0,216929.0,361.59
195,North Carolina,Apr,478717.0,1502550.0,1333269.0,341830.0,123342.0,242.44
196,North Dakota,Apr,34781.0,142716.0,144361.0,35675.0,9314.0,391.79
197,Ohio,Apr,498852.0,2618007.0,2066724.0,392621.0,82769.0,340.85
198,Oklahoma,Apr,237416.0,497449.0,432471.0,113553.0,7171.0,336.34
199,Oregon,Apr,212272.0,970931.0,609397.0,139256.0,28807.0,443.25
200,Pennsylvania,Apr,772678.0,4016964.0,3206808.0,668855.0,302136.0,359.95
201,Puerto Rico,Apr,142673.0,443852.0,375032.0,86016.0,2460.0,415.31
202,Rhode Island,Apr,71616.0,359212.0,348741.0,57364.0,13778.0,327.93
203,South Carolina,Apr,296188.0,805649.0,724527.0,201522.0,17747.0,254.05
204,South Dakota,Apr,19717.0,81088.0,63742.0,17816.0,6310.0,292.17
205,Tennessee,Apr,269834.0,1112366.0,1002427.0,211730.0,55279.0,227.99
206,Texas,Apr,1197868.0,3619781.0,2880564.0,702478.0,323762.0,358.22
207,Utah,Apr,81018.0,346544.0,227991.0,63202.0,15954.0,343.87
208,Vermont,Apr,41114.0,240045.0,218780.0,46715.0,0.0,311.71
209,Virgin Islands,Apr,2654.0,5864.0,4880.0,883.0,153.0,408.84
210,Virginia,Apr,386126.0,1295701.0,1244736.0,597986.0,72810.0,271.66
211,Washington,Apr,475937.0,1838909.0,1582263.0,257741.0,221456.0,447.51
212,West Virginia,Apr,110111.0,442425.0,354632.0,73127.0,41243.0,257.36
213,Wisconsin,Apr,243208.0,1228776.0,873386.0,183828.0,137610.0,297.29
214,Wyoming,Apr,17150.0,65245.0,60318.0,11501.0,3599.0,374.72
215,US,Apr,17639074.0,66314020.0,55618830.0,12174753.0,3790939.0,334.26
216,Alabama,May,106301.0,876796.0,820275.0,70384.0,52685.0,249.76
217,Alaska,May,35424.0,226465.0,171614.0,11031.0,16079.0,248.12
218,Arizona,May,120426.0,1002774.0,782984.0,59957.0,46043.0,240.68
219,Arkansas,May,46153.0,529989.0,465832.0,31498.0,67008.0,219.86
220,California,May,1001409.0,13486417.0,13118895.0,872374.0,748596.0,305.82
221,Colorado,May,75087.0,1172884.0,1029297.0,88883.0,78444.0,375.25
222,Connecticut,May,92695.0,1317502.0,1033927.0,67307.0,84638.0,322.22
223,Delaware,May,20297.0,237316.0,39333.0,1519.0,2214.0,254.23
224,District of Columbia,May,21618.0,320931.0,234250.0,13528.0,14329.0,358.36
225,Florida,May,,0.0,,,0.0,237.7
226,Georgia,May,836060.0,3209267.0,2784707.0,207520.0,282052.0,265.56
227,Hawaii,May,45484.0,501571.0,573761.0,63579.0,36356.0,466.14
228,Idaho,May,21133.0,257346.0,198166.0,13969.0,38452.0,287.42
229,Illinois,May,271710.0,2648440.0,2668301.0,219574.0,82838.0,333.48
230,Indiana,May,123244.0,1528268.0,1417020.0,118127.0,50781.0,230.12
231,Iowa,May,53242.0,727247.0,703289.0,54312.0,90232.0,327.79
232,Kansas,May,47905.0,428375.0,415321.0,88537.0,34240.0,344.13
233,Kentucky,May,260797.0,960271.0,955822.0,66741.0,4698.0,332.16
234,Louisiana,May,124310.0,1318805.0,1172589.0,73745.0,115383.0,186.59
235,Maine,May,43670.0,511943.0,397652.0,26954.0,19577.0,335.08
236,Maryland,May,149392.0,1025626.0,932907.0,49175.0,55318.0,322.1
237,Massachusetts,May,162457.0,2756500.0,2170326.0,155950.0,116872.0,444.96
238,Michigan,May,224712.0,3848966.0,3764572.0,285260.0,273532.0,317.95
239,Minnesota,May,125273.0,1758294.0,1516802.0,988.0,172840.0,374.58
240,Mississippi,May,103087.0,929145.0,779289.0,60675.0,53465.0,192.83
241,Missouri,May,117386.0,1160799.0,978156.0,55626.0,76211.0,246.45
242,Montana,May,14828.0,227157.0,159586.0,629.0,53288.0,341.37
243,Nebraska,May,24248.0,241251.0,308615.0,30316.0,299816.0,339.11
244,Nevada,May,74469.0,1590220.0,1436268.0,75542.0,79823.0,354.7
245,New Hampshire,May,33992.0,396491.0,326427.0,31013.0,29128.0,253.57
246,New Jersey,May,156391.0,2531436.0,2369193.0,118392.0,155117.0,419.1
247,New Mexico,May,28341.0,450489.0,433660.0,27130.0,37021.0,312.96
248,New York,May,1198827.0,8289574.0,6543512.0,421141.0,348008.0,347.64
249,North Carolina,May,199809.0,2113402.0,1835838.0,142957.0,170333.0,223.21
250,North Dakota,May,11155.0,148241.0,141987.0,10931.0,10517.0,406.57
251,Ohio,May,182904.0,2695059.0,2286241.0,166334.0,117402.0,334.0
252,Oklahoma,May,219000.0,737934.0,679524.0,90418.0,633.0,338.77
253,Oregon,May,116055.0,1132996.0,817713.0,62553.0,54019.0,360.61
254,Pennsylvania,May,230456.0,4597735.0,3322950.0,205990.0,346163.0,344.86
255,Puerto Rico,May,131246.0,661816.0,626593.0,56703.0,10721.0,160.54
256,Rhode Island,May,17057.0,354509.0,337720.0,12222.0,19058.0,317.88
257,South Carolina,May,99063.0,1115261.0,971340.0,65779.0,27669.0,246.6
258,South Dakota,May,9528.0,98707.0,75054.0,6957.0,10515.0,275.33
259,Tennessee,May,110308.0,1272956.0,1314249.0,104662.0,1311357.0,269.06
260,Texas,May,570642.0,5437517.0,4896237.0,460150.0,603037.0,351.18
261,Utah,May,26684.0,417404.0,325967.0,31213.0,33634.0,343.05
262,Vermont,May,11531.0,234524.0,207573.0,10525.0,36453.0,348.51
263,Virgin Islands,May,845.0,15256.0,14111.0,2065.0,1030.0,359.33
264,Virginia,May,175962.0,1854090.0,1493926.0,202058.0,97572.0,260.64
265,Washington,May,344973.0,2622499.0,1997814.0,78109.0,220125.0,497.4
266,West Virginia,May,22408.0,474181.0,396467.0,23149.0,34227.0,242.81
267,Wisconsin,May,135138.0,1296241.0,998768.0,35508.0,157063.0,289.77
268,Wyoming,May,10774.0,82868.0,67541.0,5027.0,4719.0,378.37
269,US,May,8385906.0,83831751.0,73509961.0,5234686.0,6881331.0,319.43
270,Alabama,June,82914.0,690477.0,709348.0,31012.0,,245.53
271,Alaska,June,28699.0,168389.0,187704.0,6549.0,,244.9
272,Arizona,June,110709.0,914336.0,1105180.0,69161.0,,241.15
273,Arkansas,June,42874.0,469304.0,377070.0,16680.0,,213.88
274,California,June,1153480.0,12588691.0,12385217.0,508688.0,,286.86
275,Colorado,June,43089.0,1063849.0,1196650.0,48225.0,,365.59
276,Connecticut,June,52996.0,981524.0,1161990.0,44814.0,,298.29
277,Delaware,June,13391.0,233892.0,231868.0,5906.0,,240.24
278,District of Columbia,June,13753.0,281064.0,300840.0,7822.0,,353.01
279,Florida,June,405554.0,3537523.0,3368898.0,315662.0,,233.45
280,Georgia,June,607851.0,3164841.0,2711142.0,112472.0,,263.3
281,Hawaii,June,177085.0,595288.0,578947.0,25557.0,,456.19
282,Idaho,June,17983.0,133780.0,163977.0,12575.0,,286.26
283,Illinois,June,197192.0,2968651.0,3018561.0,124519.0,,319.86
284,Indiana,June,133557.0,1021801.0,1059594.0,62131.0,,221.9
285,Iowa,June,39218.0,723839.0,600440.0,24716.0,,315.08
286,Kansas,June,40055.0,424642.0,396616.0,21882.0,,337.27
287,Kentucky,June,140813.0,843486.0,792879.0,20332.0,,296.29
288,Louisiana,June,102205.0,1304562.0,1348700.0,36326.0,,182.81
289,Maine,June,14229.0,308056.0,317998.0,13904.0,,303.85
290,Maryland,June,134689.0,1086138.0,1070243.0,123570.0,,310.95
291,Massachusetts,June,132296.0,2310433.0,2304876.0,92324.0,,425.55
292,Michigan,June,113054.0,3018129.0,2949398.0,96646.0,,307.01
293,Minnesota,June,101065.0,1528988.0,1488205.0,546.0,,373.19
294,Mississippi,June,70171.0,657190.0,693021.0,33742.0,,187.07
295,Missouri,June,81511.0,879386.0,970626.0,29997.0,,241.65
296,Montana,June,11507.0,176598.0,155310.0,730.0,,331.31
297,Nebraska,June,20581.0,228366.0,250294.0,10803.0,,279.8
298,Nevada,June,47859.0,1269103.0,1306150.0,39298.0,,353.63
299,New Hampshire,June,23809.0,322647.0,330262.0,13438.0,,239.67
300,New Jersey,June,161334.0,2347735.0,2212694.0,50708.0,,405.46
301,New Mexico,June,19578.0,403209.0,384210.0,14185.0,,316.87
302,New York,June,597974.0,8106976.0,8146079.0,239187.0,,337.0
303,North Carolina,June,131869.0,1553851.0,1728277.0,86823.0,,219.54
304,North Dakota,June,8833.0,142020.0,159215.0,6630.0,,426.29
305,Ohio,June,144330.0,1876545.0,1823308.0,63862.0,,327.39
306,Oklahoma,June,238826.0,674477.0,608175.0,69352.0,,347.47
307,Oregon,June,77287.0,1116568.0,886804.0,39559.0,,361.78
308,Pennsylvania,June,199418.0,3358657.0,2811704.0,102722.0,,332.38
309,Puerto Rico,June,41490.0,836650.0,893252.0,45970.0,,158.76
310,Rhode Island,June,13706.0,342412.0,334941.0,7032.0,,311.29
311,South Carolina,June,74376.0,839016.0,748358.0,29045.0,,234.37
312,South Dakota,June,2896.0,73727.0,70400.0,4629.0,,280.52
313,Tennessee,June,94164.0,1202888.0,1195416.0,33234.0,,215.38
314,Texas,June,405866.0,5466196.0,5213795.0,222978.0,,353.15
315,Utah,June,22166.0,338650.0,360005.0,14683.0,,347.8
316,Vermont,June,10376.0,187026.0,191147.0,4324.0,,334.98
317,Virgin Islands,June,821.0,24311.0,24274.0,1760.0,,351.41
318,Virginia,June,130230.0,1649597.0,1655662.0,102836.0,,254.63
319,Washington,June,126959.0,1689685.0,1474310.0,41110.0,,413.47
320,West Virginia,June,16709.0,313518.0,354573.0,10536.0,,236.7
321,Wisconsin,June,112520.0,1007530.0,776314.0,19034.0,,290.03
322,Wyoming,June,7125.0,64316.0,74036.0,3448.0,,395.47
323,US,June,6793042.0,77510533.0,75658953.0,3163674.0,,305.91
324,Alabama,July,82427.0,437841.0,373752.0,28401.0,,260.09
325,Alaska,July,28401.0,148924.0,148267.0,3688.0,,243.45
326,Arizona,July,91992.0,930076.0,812791.0,26556.0,,240.68
327,Arkansas,July,64626.0,375380.0,289331.0,19959.0,,221.24
328,California,July,1155937.0,12226909.0,11969956.0,367962.0,,282.37
329,Colorado,July,37658.0,938053.0,918436.0,28991.0,,365.04
330,Connecticut,July,68831.0,645045.0,609503.0,39006.0,,314.18
331,Delaware,July,16775.0,118117.0,115210.0,8973.0,,236.64
332,District of Columbia,July,12557.0,269782.0,259813.0,5806.0,,351.14
333,Florida,July,360372.0,1380703.0,1397689.0,196428.0,,235.34
334,Georgia,July,490081.0,2928460.0,2534085.0,84596.0,,256.61
335,Hawaii,July,30068.0,525219.0,534620.0,13871.0,,450.96
336,Idaho,July,19658.0,111666.0,100462.0,4015.0,,297.86
337,Illinois,July,150480.0,2526003.0,2570778.0,85847.0,,316.14
338,Indiana,July,169700.0,905254.0,839514.0,35014.0,,
339,Iowa,July,36935.0,469922.0,533773.0,17094.0,,328.7
340,Kansas,July,44159.0,348886.0,323282.0,24895.0,,341.1
341,Kentucky,July,105013.0,601272.0,570939.0,12735.0,,282.55
342,Louisiana,July,95734.0,1254757.0,1321271.0,38644.0,,180.68
343,Maine,July,11208.0,260339.0,250592.0,8055.0,,294.53
344,Maryland,July,89343.0,981254.0,784969.0,21816.0,,308.98
345,Massachusetts,July,81942.0,2057584.0,2120854.0,52849.0,,401.55
346,Michigan,July,102134.0,2223145.0,2303446.0,79021.0,,301.65
347,Minnesota,July,76211.0,1262795.0,1191047.0,481.0,,376.66
348,Mississippi,July,42618.0,634327.0,552998.0,24293.0,,182.44
349,Missouri,July,81694.0,731064.0,667261.0,21041.0,,240.32
350,Montana,July,9193.0,143755.0,110346.0,633.0,,332.02
351,Nebraska,July,19060.0,196182.0,182065.0,3972.0,,273.9
352,Nevada,July,66698.0,1324848.0,1250023.0,34857.0,,369.42
353,New Hampshire,July,26631.0,162364.0,169710.0,5821.0,,255.15
354,New Jersey,July,136475.0,2160216.0,1972990.0,63857.0,,402.82
355,New Mexico,July,24952.0,373592.0,346345.0,9820.0,,319.88
356,New York,July,529389.0,6729132.0,6481339.0,151914.0,,331.1
357,North Carolina,July,129588.0,957803.0,812028.0,47786.0,,218.2
358,North Dakota,July,6172.0,103425.0,114889.0,3233.0,,441.74
359,Ohio,July,119804.0,1598338.0,1348998.0,36749.0,,324.06
360,Oklahoma,July,36752.0,504703.0,479994.0,13039.0,,322.29
361,Oregon,July,39209.0,766675.0,762745.0,36775.0,,354.7
362,Pennsylvania,July,166189.0,2973071.0,2883547.0,84880.0,,334.6
363,Puerto Rico,July,29612.0,865533.0,815663.0,32730.0,,170.75
364,Rhode Island,July,14982.0,249399.0,241902.0,6603.0,,310.88
365,South Carolina,July,64386.0,808918.0,699046.0,21345.0,,230.64
366,South Dakota,July,3029.0,63176.0,50055.0,1767.0,,284.78
367,Tennessee,July,85636.0,1005784.0,917742.0,16981.0,,210.44
368,Texas,July,389724.0,5405681.0,5086313.0,167034.0,,353.57
369,Utah,July,18289.0,294950.0,268494.0,8247.0,,350.48
370,Vermont,July,8421.0,158228.0,162047.0,3393.0,,330.07
371,Virgin Islands,July,617.0,18584.0,19891.0,665.0,,356.95
372,Virginia,July,152198.0,1466956.0,1271129.0,79494.0,,257.49
373,Washington,July,137406.0,1372492.0,1423868.0,47276.0,,417.35
374,West Virginia,July,14172.0,262319.0,258230.0,6294.0,,236.25
375,Wisconsin,July,120078.0,870376.0,713263.0,15252.0,,285.81
376,Wyoming,July,6907.0,55303.0,55699.0,2347.0,,410.27
377,US,July,5902123.0,,,,,306.03
378,Alabama,August,85833.0,421505.0,380245.0,38455.0,,250.77
379,Alaska,August,19951.0,133140.0,109794.0,2319.0,,443.23
380,Arizona,August,103433.0,598328.0,548462.0,42098.0,,237.99
381,Arkansas,August,24280.0,233983.0,148515.0,6498.0,,223.84
382,California,August,881693.0,12510255.0,12236685.0,267361.0,,282.35
383,Colorado,August,27133.0,877481.0,891533.0,21171.0,,371.47
384,Connecticut,August,31165.0,1004121.0,952812.0,20940.0,,289.09
385,Delaware,August,8551.0,169388.0,157400.0,2518.0,,238.98
386,District of Columbia,August,7468.0,302259.0,251194.0,4057.0,,348.75
387,Florida,August,290348.0,1193831.0,1199787.0,158219.0,,232.04
388,Georgia,August,247623.0,2526630.0,1898725.0,27625.0,,256.8
389,Hawaii,August,26285.0,568505.0,576243.0,9110.0,,449.2
390,Idaho,August,13436.0,78026.0,70121.0,3331.0,,306.11
391,Illinois,August,106042.0,2285925.0,2400846.0,52467.0,,313.12
392,Indiana,August,61174.0,808470.0,756057.0,21004.0,,
393,Iowa,August,23393.0,388728.0,302873.0,9258.0,,343.48
394,Kansas,August,60275.0,300649.0,250684.0,11275.0,,341.68
395,Kentucky,August,136103.0,505313.0,473345.0,37179.0,,319.88
396,Louisiana,August,55629.0,1133320.0,1089444.0,20076.0,,180.86
397,Maine,August,5946.0,209028.0,202270.0,4165.0,,294.53
398,Maryland,August,29338.0,871936.0,702245.0,10096.0,,305.52
399,Massachusetts,August,68153.0,2001722.0,1698662.0,26494.0,,396.96
400,Michigan,August,78454.0,2091017.0,1997508.0,45571.0,,297.61
401,Minnesota,August,46781.0,1071696.0,873845.0,298.0,,372.82
402,Mississippi,August,20289.0,554653.0,421690.0,9235.0,,184.37
403,Missouri,August,42699.0,565581.0,454307.0,13476.0,,238.5
404,Montana,August,7077.0,121335.0,77271.0,1124.0,,345.61
405,Nebraska,August,10516.0,138432.0,117009.0,2539.0,,290.86
406,Nevada,August,49595.0,1221955.0,1226794.0,21480.0,,333.17
407,New Hampshire,August,10365.0,143851.0,101098.0,3081.0,,260.53
408,New Jersey,August,99203.0,1860997.0,1744144.0,32510.0,,395.1
409,New Mexico,August,16662.0,410681.0,390714.0,7930.0,,315.11
410,New York,August,344168.0,6823073.0,5788547.0,82809.0,,333.83
411,North Carolina,August,61019.0,646511.0,525486.0,29900.0,,210.98
412,North Dakota,August,3558.0,82070.0,85645.0,1423.0,,463.06
413,Ohio,August,76754.0,1546842.0,1225304.0,24643.0,,320.75
414,Oklahoma,August,25315.0,545307.0,528032.0,8496.0,,336.19
415,Oregon,August,22020.0,757526.0,675863.0,23400.0,,362.93
416,Pennsylvania,August,114291.0,2908503.0,2295398.0,55071.0,,329.27
417,Puerto Rico,August,13356.0,738900.0,716149.0,18421.0,,183.18
418,Rhode Island,August,14046.0,228502.0,217145.0,5412.0,,311.44
419,South Carolina,August,28637.0,694010.0,584187.0,12165.0,,227.42
420,South Dakota,August,1523.0,41670.0,33098.0,1295.0,,292.32
421,Tennessee,August,48826.0,905114.0,969601.0,52154.0,,206.12
422,Texas,August,238521.0,4819326.0,4237141.0,113523.0,,360.39
423,Utah,August,13015.0,251794.0,203307.0,4739.0,,364.35
424,Vermont,August,3829.0,135522.0,131946.0,1750.0,,336.46
425,Virgin Islands,August,999.0,16808.0,17728.0,478.0,,373.69
426,Virginia,August,53867.0,1203240.0,980860.0,36820.0,,268.11
427,Washington,August,86383.0,1120720.0,1019746.0,17394.0,,402.28
428,West Virginia,August,8956.0,252415.0,231882.0,4296.0,,233.05
429,Wisconsin,August,68312.0,756728.0,581519.0,11677.0,,285.41
430,Wyoming,August,4363.0,47120.0,40966.0,1247.0,,422.19
431,US,August,3926651.0,61824442.0,55791872.0,1440073.0,,305.39
432,Alabama,September,37796.0,158622.0,119570.0,7156.0,,257.61
433,Alaska,September,15048.0,83378.0,102415.0,2324.0,,291.86
434,Arizona,September,91377.0,655196.0,612242.0,39494.0,,239.04
435,Arkansas,September,23851.0,161458.0,80835.0,5770.0,,240.65
436,California,September,902627.0,11286023.0,11039599.0,176872.0,,282.47
437,Colorado,September,22520.0,599983.0,663101.0,15778.0,,382.6
438,Connecticut,September,22627.0,612024.0,636895.0,10131.0,,297.06
439,Delaware,September,13991.0,119450.0,108917.0,1530.0,,240.89
440,District of Columbia,September,7019.0,228865.0,276236.0,3569.0,,342.28
441,Florida,September,160873.0,1912516.0,1285170.0,69525.0,,222.91
442,Georgia,September,201790.0,2118960.0,1925361.0,17844.0,,255.24
443,Hawaii,September,28013.0,514750.0,529061.0,7960.0,,444.5
444,Idaho,September,12890.0,45033.0,35208.0,1860.0,,319.28
445,Illinois,September,121523.0,2038161.0,2077760.0,41335.0,,315.54
446,Indiana,September,68211.0,614693.0,581164.0,14741.0,,221.93
447,Iowa,September,22890.0,247528.0,257231.0,7880.0,,364.34
448,Kansas,September,65763.0,210461.0,242102.0,14209.0,,355.53
449,Kentucky,September,34347.0,431232.0,373834.0,4661.0,,281.36
450,Louisiana,September,61824.0,949999.0,937974.0,11549.0,,183.45
451,Maine,September,6040.0,121823.0,108384.0,2083.0,,296.1
452,Maryland,September,51244.0,645835.0,411764.0,5257.0,,304.52
453,Massachusetts,September,84802.0,1359588.0,1640046.0,28003.0,,406.04
454,Michigan,September,76226.0,1709214.0,1594168.0,25220.0,,385.83
455,Minnesota,September,46069.0,791357.0,749639.0,219.0,,377.52
456,Mississippi,September,18631.0,342052.0,263518.0,4763.0,,186.93
457,Missouri,September,36578.0,324425.0,332901.0,11515.0,,240.08
458,Montana,September,9141.0,82180.0,68307.0,359.0,,372.92
459,Nebraska,September,11096.0,81804.0,64943.0,2257.0,,307.73
460,Nevada,September,34370.0,801405.0,695950.0,12491.0,,41.77
461,New Hampshire,September,8921.0,97435.0,92269.0,2055.0,,272.34
462,New Jersey,September,106279.0,1531478.0,1424531.0,25187.0,,398.6
463,New Mexico,September,13265.0,300081.0,282950.0,4589.0,,314.74
464,New York,September,366366.0,4804842.0,4644833.0,71960.0,,333.37
465,North Carolina,September,53164.0,400179.0,319129.0,17643.0,,217.64
466,North Dakota,September,3536.0,48088.0,53723.0,1274.0,,479.06
467,Ohio,September,65933.0,1097877.0,951132.0,19187.0,,324.21
468,Oklahoma,September,22289.0,395560.0,374804.0,6291.0,,327.19
469,Oregon,September,24511.0,597822.0,549798.0,21661.0,,367.43
470,Pennsylvania,September,96093.0,2103212.0,2064143.0,34486.0,,335.91
471,Puerto Rico,September,4117.0,467063.0,461858.0,9649.0,,187.02
472,Rhode Island,September,12834.0,148169.0,133371.0,2621.0,,320.27
473,South Carolina,September,24910.0,366820.0,529119.0,7946.0,,113.68
474,South Dakota,September,1386.0,24806.0,18985.0,712.0,,310.59
475,Tennessee,September,44192.0,662441.0,637253.0,12132.0,,211.6
476,Texas,September,211049.0,3991614.0,3574842.0,98049.0,,372.38
477,Utah,September,11342.0,136434.0,105724.0,3105.0,,401.12
478,Vermont,September,2993.0,90826.0,94340.0,1275.0,,340.34
479,Virgin Islands,September,822.0,14370.0,14846.0,418.0,,366.84
480,Virginia,September,45040.0,784370.0,587427.0,23416.0,,278.28
481,Washington,September,80966.0,1084227.0,889604.0,12704.0,,415.56
482,West Virginia,September,8488.0,173683.0,179344.0,3332.0,,236.06
483,Wisconsin,September,50918.0,511386.0,411629.0,9981.0,,288.06
484,Wyoming,September,2859.0,32254.0,37145.0,1010.0,,433.65
485,US,September,,,,,,
486,Alabama,October,33420.0,145457.0,78141.0,7855.0,,266.61
487,Alaska,October,19658.0,67238.0,67544.0,2609.0,,293.54
488,Arizona,October,30687.0,533557.0,459004.0,12490.0,,233.35
489,Arkansas,October,19502.0,121409.0,56241.0,4090.0,,244.4
490,California,October,691313.0,7467196.0,7150116.0,140021.0,,281.01
491,Colorado,October,27296.0,446187.0,509298.0,14417.0,,381.31
492,Connecticut,October,22671.0,382674.0,398013.0,8342.0,,311.34
493,Delaware,October,14399.0,129112.0,121380.0,5347.0,,249.15
494,District of Columbia,October,7005.0,161731.0,146935.0,2987.0,,335.65
495,Florida,October,171409.0,1379501.0,977203.0,53714.0,,225.06
496,Georgia,October,196666.0,1470940.0,1128986.0,16809.0,,253.72
497,Hawaii,October,21555.0,308411.0,326745.0,4266.0,,426.65
498,Idaho,October,13817.0,35318.0,26709.0,1796.0,,326.36
499,Illinois,October,237760.0,1448146.0,1454014.0,53344.0,,317.44
500,Indiana,October,136571.0,426783.0,396703.0,15895.0,,223.97
501,Iowa,October,19636.0,169017.0,142549.0,5384.0,,379.82
502,Kansas,October,73452.0,179523.0,154951.0,20018.0,,380.55
503,Kentucky,October,27475.0,280177.0,219780.0,4390.0,,286.7
504,Louisiana,October,43123.0,547203.0,553528.0,12188.0,,181.38
505,Maine,October,5257.0,74701.0,59112.0,1684.0,,297.34
506,Maryland,October,49342.0,375046.0,331149.0,11753.0,,449.94
507,Massachusetts,October,174081.0,979416.0,842026.0,36451.0,,431.29
508,Michigan,October,61112.0,1016265.0,833556.0,19937.0,,316.55
509,Minnesota,October,46738.0,519268.0,446333.0,196.0,,399.77
510,Mississippi,October,14844.0,208579.0,147293.0,4530.0,,186.64
511,Missouri,October,36903.0,225675.0,183379.0,7095.0,,243.59
512,Montana,October,10069.0,60920.0,38394.0,341.0,,410.42
513,Nebraska,October,11144.0,56422.0,42409.0,1723.0,,317.55
514,Nevada,October,37891.0,554268.0,404503.0,13068.0,,384.56
515,New Hampshire,October,15979.0,65098.0,53085.0,1226.0,,274.72
516,New Jersey,October,127220.0,975286.0,877995.0,20352.0,,407.96
517,New Mexico,October,16544.0,210775.0,192334.0,4157.0,,321.75
518,New York,October,303570.0,2513984.0,2496772.0,45508.0,,332.12
519,North Carolina,October,66331.0,293067.0,243421.0,13696.0,,225.08
520,North Dakota,October,4868.0,31875.0,34749.0,1437.0,,486.88
521,Ohio,October,76079.0,747935.0,557266.0,16793.0,,336.42
522,Oklahoma,October,21427.0,271400.0,250110.0,5700.0,,334.3
523,Oregon,October,19582.0,405808.0,313903.0,13200.0,,375.21
524,Pennsylvania,October,88880.0,1352661.0,1157863.0,28491.0,,345.65
525,Puerto Rico,October,6079.0,296801.0,273167.0,6225.0,,588.86
526,Rhode Island,October,12595.0,75752.0,66795.0,2548.0,,345.81
527,South Carolina,October,22378.0,262419.0,173769.0,5316.0,,223.66
528,South Dakota,October,2030.0,16030.0,11817.0,537.0,,316.48
529,Tennessee,October,37313.0,330350.0,258196.0,6991.0,,215.9
530,Texas,October,178683.0,2658749.0,2348552.0,63358.0,,384.22
531,Utah,October,10877.0,91403.0,74115.0,3196.0,,412.27
532,Vermont,October,3031.0,55318.0,54766.0,1015.0,,351.09
533,Virgin Islands,October,505.0,9493.0,11870.0,310.0,,384.27
534,Virginia,October,46212.0,524141.0,347340.0,19342.0,,283.2
535,Washington,October,76514.0,668560.0,554344.0,10252.0,,435.66
536,West Virginia,October,8630.0,107932.0,101081.0,2823.0,,251.12
537,Wisconsin,October,62178.0,416619.0,320774.0,10156.0,,291.67
538,Wyoming,October,2750.0,24437.0,23461.0,834.0,,436.29
539,US,October,,,,,,
