,date,state,max_WBA
0,2000-01-01,Alabama,190
1,2000-01-01,Alaska,248
2,2000-01-01,Arizona,205
3,2000-01-01,Arkansas,321
4,2000-01-01,California,230
5,2000-01-01,Colorado,358
6,2000-01-01,Connecticut,397
7,2000-01-01,Delaware,315
8,2000-01-01,District of Columbia,309
9,2000-01-01,Florida,275
10,2000-01-01,Georgia,274
11,2000-01-01,Hawaii,383
12,2000-01-01,Idaho,296
13,2000-01-01,Illinois,315
14,2000-01-01,Indiana,288
15,2000-01-01,Iowa,273
16,2000-01-01,Kansas,320
17,2000-01-01,Kentucky,329
18,2000-01-01,Louisiana,258
19,2000-01-01,Maine,265
20,2000-01-01,Maryland,280
21,2000-01-01,Massachusetts,477
22,2000-01-01,Michigan,300
23,2000-01-01,Minnesota,331
24,2000-01-01,Mississippi,190
25,2000-01-01,Missouri,250
26,2000-01-01,Montana,263
27,2000-01-01,Nebraska,252
28,2000-01-01,Nevada,291
29,2000-01-01,New Hampshire,301
30,2000-01-01,New Jersey,429
31,2000-01-01,New Mexico,267
32,2000-01-01,New York,405
33,2000-01-01,North Carolina,375
34,2000-01-01,North Dakota,293
35,2000-01-01,Ohio,303
36,2000-01-01,Oklahoma,291
37,2000-01-01,Oregon,376
38,2000-01-01,Pennsylvania,430
39,2000-01-01,Puerto Rico,133
40,2000-01-01,Rhode Island,397
41,2000-01-01,South Carolina,259
42,2000-01-01,South Dakota,224
43,2000-01-01,Tennessee,255
44,2000-01-01,Texas,294
45,2000-01-01,Utah,355
46,2000-01-01,Vermont,298
47,2000-01-01,Virgin Islands,331
48,2000-01-01,Virginia,268
49,2000-01-01,Washington,441
50,2000-01-01,West Virginia,327
51,2000-01-01,Wisconsin,313
52,2000-01-01,Wyoming,271
53,2000-07-01,Alabama,190
54,2000-07-01,Alaska,248
55,2000-07-01,Arizona,205
56,2000-07-01,Arkansas,321
57,2000-07-01,California,230
58,2000-07-01,Colorado,337
59,2000-07-01,Connecticut,382
60,2000-07-01,Delaware,315
61,2000-07-01,District of Columbia,309
62,2000-07-01,Florida,275
63,2000-07-01,Georgia,264
64,2000-07-01,Hawaii,371
65,2000-07-01,Idaho,273
66,2000-07-01,Illinois,284
67,2000-07-01,Indiana,252
68,2000-07-01,Iowa,263
69,2000-07-01,Kansas,306
70,2000-07-01,Kentucky,316
71,2000-07-01,Louisiana,258
72,2000-07-01,Maine,265
73,2000-07-01,Maryland,250
74,2000-07-01,Massachusetts,431
75,2000-07-01,Michigan,300
76,2000-07-01,Minnesota,331
77,2000-07-01,Mississippi,190
78,2000-07-01,Missouri,235
79,2000-07-01,Montana,254
80,2000-07-01,Nebraska,206
81,2000-07-01,Nevada,282
82,2000-07-01,New Hampshire,301
83,2000-07-01,New Jersey,429
84,2000-07-01,New Mexico,254
85,2000-07-01,New York,365
86,2000-07-01,North Carolina,356
87,2000-07-01,North Dakota,283
88,2000-07-01,Ohio,279
89,2000-07-01,Oklahoma,283
90,2000-07-01,Oregon,360
91,2000-07-01,Pennsylvania,408
92,2000-07-01,Puerto Rico,133
93,2000-07-01,Rhode Island,397
94,2000-07-01,South Carolina,248
95,2000-07-01,South Dakota,214
96,2000-07-01,Tennessee,255
97,2000-07-01,Texas,294
98,2000-07-01,Utah,309
99,2000-07-01,Vermont,298
100,2000-07-01,Virgin Islands,233
101,2000-07-01,Virginia,230
102,2000-07-01,Washington,441
103,2000-07-01,West Virginia,318
104,2000-07-01,Wisconsin,297
105,2000-07-01,Wyoming,261
106,2001-01-01,Alabama,190
107,2001-01-01,Alaska,248
108,2001-01-01,Arizona,205
109,2001-01-01,Arkansas,321
110,2001-01-01,California,230
111,2001-01-01,Colorado,358
112,2001-01-01,Connecticut,397
113,2001-01-01,Delaware,315
114,2001-01-01,District of Columbia,309
115,2001-01-01,Florida,275
116,2001-01-01,Georgia,274
117,2001-01-01,Hawaii,383
118,2001-01-01,Idaho,296
119,2001-01-01,Illinois,315
120,2001-01-01,Indiana,288
121,2001-01-01,Iowa,273
122,2001-01-01,Kansas,320
123,2001-01-01,Kentucky,329
124,2001-01-01,Louisiana,258
125,2001-01-01,Maine,265
126,2001-01-01,Maryland,280
127,2001-01-01,Massachusetts,477
128,2001-01-01,Michigan,300
129,2001-01-01,Minnesota,331
130,2001-01-01,Mississippi,190
131,2001-01-01,Missouri,250
132,2001-01-01,Montana,263
133,2001-01-01,Nebraska,252
134,2001-01-01,Nevada,291
135,2001-01-01,New Hampshire,301
136,2001-01-01,New Jersey,429
137,2001-01-01,New Mexico,267
138,2001-01-01,New York,405
139,2001-01-01,North Carolina,375
140,2001-01-01,North Dakota,293
141,2001-01-01,Ohio,303
142,2001-01-01,Oklahoma,291
143,2001-01-01,Oregon,376
144,2001-01-01,Pennsylvania,430
145,2001-01-01,Puerto Rico,133
146,2001-01-01,Rhode Island,397
147,2001-01-01,South Carolina,259
148,2001-01-01,South Dakota,224
149,2001-01-01,Tennessee,255
150,2001-01-01,Texas,294
151,2001-01-01,Utah,355
152,2001-01-01,Vermont,298
153,2001-01-01,Virgin Islands,331
154,2001-01-01,Virginia,268
155,2001-01-01,Washington,441
156,2001-01-01,West Virginia,327
157,2001-01-01,Wisconsin,313
158,2001-01-01,Wyoming,271
159,2001-07-01,Alabama,190
160,2001-07-01,Alaska,248
161,2001-07-01,Arizona,205
162,2001-07-01,Arkansas,333
163,2001-07-01,California,230
164,2001-07-01,Colorado,390
165,2001-07-01,Connecticut,397
166,2001-07-01,Delaware,315
167,2001-07-01,District of Columbia,309
168,2001-07-01,Florida,275
169,2001-07-01,Georgia,284
170,2001-07-01,Hawaii,383
171,2001-07-01,Idaho,314
172,2001-07-01,Illinois,315
173,2001-07-01,Indiana,312
174,2001-07-01,Iowa,283
175,2001-07-01,Kansas,333
176,2001-07-01,Kentucky,341
177,2001-07-01,Louisiana,258
178,2001-07-01,Maine,272
179,2001-07-01,Maryland,280
180,2001-07-01,Massachusetts,477
181,2001-07-01,Michigan,300
182,2001-07-01,Minnesota,452
183,2001-07-01,Mississippi,200
184,2001-07-01,Missouri,250
185,2001-07-01,Montana,286
186,2001-07-01,Nebraska,252
187,2001-07-01,Nevada,291
188,2001-07-01,New Hampshire,331
189,2001-07-01,New Jersey,446
190,2001-07-01,New Mexico,267
191,2001-07-01,New York,405
192,2001-07-01,North Carolina,396
193,2001-07-01,North Dakota,290
194,2001-07-01,Ohio,303
195,2001-07-01,Oklahoma,291
196,2001-07-01,Oregon,400
197,2001-07-01,Pennsylvania,430
198,2001-07-01,Puerto Rico,133
199,2001-07-01,Rhode Island,415
200,2001-07-01,South Carolina,268
201,2001-07-01,South Dakota,234
202,2001-07-01,Tennessee,275
203,2001-07-01,Texas,294
204,2001-07-01,Utah,355
205,2001-07-01,Vermont,312
206,2001-07-01,Virgin Islands,312
207,2001-07-01,Virginia,268
208,2001-07-01,Washington,496
209,2001-07-01,West Virginia,338
210,2001-07-01,Wisconsin,313
211,2001-07-01,Wyoming,283
212,2002-01-01,Alabama,190
213,2002-01-01,Alaska,248
214,2002-01-01,Arizona,205
215,2002-01-01,Arkansas,333
216,2002-01-01,California,330
217,2002-01-01,Colorado,390
218,2002-01-01,Connecticut,406
219,2002-01-01,Delaware,330
220,2002-01-01,District of Columbia,309
221,2002-01-01,Florida,275
222,2002-01-01,Georgia,284
223,2002-01-01,Hawaii,395
224,2002-01-01,Idaho,315
225,2002-01-01,Illinois,326
226,2002-01-01,Indiana,312
227,2002-01-01,Iowa,283
228,2002-01-01,Kansas,333
229,2002-01-01,Kentucky,329
230,2002-01-01,Louisiana,258
231,2002-01-01,Maine,272
232,2002-01-01,Maryland,280
233,2002-01-01,Massachusetts,512
234,2002-01-01,Michigan,300
235,2002-01-01,Minnesota,452
236,2002-01-01,Mississippi,200
237,2002-01-01,Missouri,250
238,2002-01-01,Montana,286
239,2002-01-01,Nebraska,262
240,2002-01-01,Nevada,301
241,2002-01-01,New Hampshire,331
242,2002-01-01,New Jersey,446
243,2002-01-01,New Mexico,277
244,2002-01-01,New York,405
245,2002-01-01,North Carolina,396
246,2002-01-01,North Dakota,290
247,2002-01-01,Ohio,308
248,2002-01-01,Oklahoma,304
249,2002-01-01,Oregon,400
250,2002-01-01,Pennsylvania,430
251,2002-01-01,Puerto Rico,133
252,2002-01-01,Rhode Island,415
253,2002-01-01,South Carolina,268
254,2002-01-01,South Dakota,234
255,2002-01-01,Tennessee,275
256,2002-01-01,Texas,319
257,2002-01-01,Utah,365
258,2002-01-01,Vermont,312
259,2002-01-01,Virgin Islands,312
260,2002-01-01,Virginia,268
261,2002-01-01,Washington,496
262,2002-01-01,West Virginia,338
263,2002-01-01,Wisconsin,324
264,2002-01-01,Wyoming,283
265,2002-07-01,Alabama,210
266,2002-07-01,Alaska,248
267,2002-07-01,Arizona,205
268,2002-07-01,Arkansas,345
269,2002-07-01,California,330
270,2002-07-01,Colorado,398
271,2002-07-01,Connecticut,406
272,2002-07-01,Delaware,330
273,2002-07-01,District of Columbia,309
274,2002-07-01,Florida,275
275,2002-07-01,Georgia,295
276,2002-07-01,Hawaii,395
277,2002-07-01,Idaho,316
278,2002-07-01,Illinois,326
279,2002-07-01,Indiana,336
280,2002-07-01,Iowa,283
281,2002-07-01,Kansas,345
282,2002-07-01,Kentucky,329
283,2002-07-01,Louisiana,258
284,2002-07-01,Maine,283
285,2002-07-01,Maryland,280
286,2002-07-01,Massachusetts,512
287,2002-07-01,Michigan,362
288,2002-07-01,Minnesota,467
289,2002-07-01,Mississippi,210
290,2002-07-01,Missouri,250
291,2002-07-01,Montana,297
292,2002-07-01,Nebraska,262
293,2002-07-01,Nevada,309
294,2002-07-01,New Hampshire,372
295,2002-07-01,New Jersey,475
296,2002-07-01,New Mexico,277
297,2002-07-01,New York,405
298,2002-07-01,North Carolina,396
299,2002-07-01,North Dakota,290
300,2002-07-01,Ohio,308
301,2002-07-01,Oklahoma,304
302,2002-07-01,Oregon,405
303,2002-07-01,Pennsylvania,442
304,2002-07-01,Puerto Rico,133
305,2002-07-01,Rhode Island,427
306,2002-07-01,South Carolina,278
307,2002-07-01,South Dakota,241
308,2002-07-01,Tennessee,275
309,2002-07-01,Texas,319
310,2002-07-01,Utah,365
311,2002-07-01,Vermont,351
312,2002-07-01,Virgin Islands,349
313,2002-07-01,Virginia,368
314,2002-07-01,Washington,496
315,2002-07-01,West Virginia,338
316,2002-07-01,Wisconsin,324
317,2002-07-01,Wyoming,296
318,2003-01-01,Alabama,210
319,2003-01-01,Alaska,248
320,2003-01-01,Arizona,205
321,2003-01-01,Arkansas,345
322,2003-01-01,California,370
323,2003-01-01,Colorado,398
324,2003-01-01,Connecticut,411
325,2003-01-01,Delaware,320
326,2003-01-01,District of Columbia,309
327,2003-01-01,Florida,275
328,2003-01-01,Georgia,295
329,2003-01-01,Hawaii,395
330,2003-01-01,Idaho,316
331,2003-01-01,Illinois,326
332,2003-01-01,Indiana,336
333,2003-01-01,Iowa,292
334,2003-01-01,Kansas,345
335,2003-01-01,Kentucky,329
336,2003-01-01,Louisiana,258
337,2003-01-01,Maine,283
338,2003-01-01,Maryland,310
339,2003-01-01,Massachusetts,507
340,2003-01-01,Michigan,362
341,2003-01-01,Minnesota,467
342,2003-01-01,Mississippi,210
343,2003-01-01,Missouri,250
344,2003-01-01,Montana,297
345,2003-01-01,Nebraska,262
346,2003-01-01,Nevada,309
347,2003-01-01,New Hampshire,372
348,2003-01-01,New Jersey,475
349,2003-01-01,New Mexico,277
350,2003-01-01,New York,405
351,2003-01-01,North Carolina,408
352,2003-01-01,North Dakota,290
353,2003-01-01,Ohio,315
354,2003-01-01,Oklahoma,303
355,2003-01-01,Oregon,405
356,2003-01-01,Pennsylvania,451
357,2003-01-01,Puerto Rico,133
358,2003-01-01,Rhode Island,427
359,2003-01-01,South Carolina,278
360,2003-01-01,South Dakota,241
361,2003-01-01,Tennessee,275
362,2003-01-01,Texas,328
363,2003-01-01,Utah,365
364,2003-01-01,Vermont,351
365,2003-01-01,Virgin Islands,375
366,2003-01-01,Virginia,318
367,2003-01-01,Washington,496
368,2003-01-01,West Virginia,351
369,2003-01-01,Wisconsin,329
370,2003-01-01,Wyoming,296
371,2003-07-01,Alabama,210
372,2003-07-01,Alaska,248
373,2003-07-01,Arizona,205
374,2003-07-01,Arkansas,345
375,2003-07-01,California,370
376,2003-07-01,Colorado,398
377,2003-07-01,Connecticut,411
378,2003-07-01,Delaware,320
379,2003-07-01,District of Columbia,309
380,2003-07-01,Florida,275
381,2003-07-01,Georgia,300
382,2003-07-01,Hawaii,407
383,2003-07-01,Idaho,316
384,2003-07-01,Illinois,326
385,2003-07-01,Indiana,348
386,2003-07-01,Iowa,300
387,2003-07-01,Kansas,351
388,2003-07-01,Kentucky,365
389,2003-07-01,Louisiana,258
390,2003-07-01,Maine,292
391,2003-07-01,Maryland,310
392,2003-07-01,Massachusetts,507
393,2003-07-01,Michigan,362
394,2003-07-01,Minnesota,467
395,2003-07-01,Mississippi,210
396,2003-07-01,Missouri,250
397,2003-07-01,Montana,306
398,2003-07-01,Nebraska,272
399,2003-07-01,Nevada,317
400,2003-07-01,New Hampshire,372
401,2003-07-01,New Jersey,475
402,2003-07-01,New Mexico,277
403,2003-07-01,New York,405
404,2003-07-01,North Carolina,408
405,2003-07-01,North Dakota,312
406,2003-07-01,Ohio,315
407,2003-07-01,Oklahoma,303
408,2003-07-01,Oregon,410
409,2003-07-01,Pennsylvania,451
410,2003-07-01,Puerto Rico,133
411,2003-07-01,Rhode Island,441
412,2003-07-01,South Carolina,285
413,2003-07-01,South Dakota,248
414,2003-07-01,Tennessee,275
415,2003-07-01,Texas,328
416,2003-07-01,Utah,373
417,2003-07-01,Vermont,359
418,2003-07-01,Virgin Islands,375
419,2003-07-01,Virginia,316
420,2003-07-01,Washington,510
421,2003-07-01,West Virginia,358
422,2003-07-01,Wisconsin,329
423,2003-07-01,Wyoming,306
424,2004-01-01,Alabama,210
425,2004-01-01,Alaska,248
426,2004-01-01,Arizona,205
427,2004-01-01,Arkansas,345
428,2004-01-01,California,410
429,2004-01-01,Colorado,398
430,2004-01-01,Connecticut,429
431,2004-01-01,Delaware,330
432,2004-01-01,District of Columbia,309
433,2004-01-01,Florida,275
434,2004-01-01,Georgia,300
435,2004-01-01,Hawaii,417
436,2004-01-01,Idaho,316
437,2004-01-01,Illinois,326
438,2004-01-01,Indiana,348
439,2004-01-01,Iowa,300
440,2004-01-01,Kansas,351
441,2004-01-01,Kentucky,365
442,2004-01-01,Louisiana,258
443,2004-01-01,Maine,292
444,2004-01-01,Maryland,310
445,2004-01-01,Massachusetts,508
446,2004-01-01,Michigan,362
447,2004-01-01,Minnesota,478
448,2004-01-01,Mississippi,210
449,2004-01-01,Missouri,250
450,2004-01-01,Montana,323
451,2004-01-01,Nebraska,280
452,2004-01-01,Nevada,317
453,2004-01-01,New Hampshire,372
454,2004-01-01,New Jersey,490
455,2004-01-01,New Mexico,290
456,2004-01-01,New York,405
457,2004-01-01,North Carolina,416
458,2004-01-01,North Dakota,312
459,2004-01-01,Ohio,323
460,2004-01-01,Oklahoma,275
461,2004-01-01,Oregon,410
462,2004-01-01,Pennsylvania,461
463,2004-01-01,Puerto Rico,133
464,2004-01-01,Rhode Island,441
465,2004-01-01,South Carolina,278
466,2004-01-01,South Dakota,248
467,2004-01-01,Tennessee,275
468,2004-01-01,Texas,328
469,2004-01-01,Utah,377
470,2004-01-01,Vermont,359
471,2004-01-01,Virgin Islands,471
472,2004-01-01,Virginia,316
473,2004-01-01,Washington,496
474,2004-01-01,West Virginia,358
475,2004-01-01,Wisconsin,329
476,2004-01-01,Wyoming,306
477,2004-07-01,Alabama,220
478,2004-07-01,Alaska,248
479,2004-07-01,Arizona,240
480,2004-07-01,Arkansas,345
481,2004-07-01,California,410
482,2004-07-01,Colorado,407
483,2004-07-01,Connecticut,429
484,2004-07-01,Delaware,330
485,2004-07-01,District of Columbia,309
486,2004-07-01,Florida,275
487,2004-07-01,Georgia,300
488,2004-07-01,Hawaii,417
489,2004-07-01,Idaho,325
490,2004-07-01,Illinois,326
491,2004-07-01,Indiana,369
492,2004-07-01,Iowa,310
493,2004-07-01,Kansas,359
494,2004-07-01,Kentucky,365
495,2004-07-01,Louisiana,258
496,2004-07-01,Maine,302
497,2004-07-01,Maryland,310
498,2004-07-01,Massachusetts,508
499,2004-07-01,Michigan,362
500,2004-07-01,Minnesota,478
501,2004-07-01,Mississippi,210
502,2004-07-01,Missouri,250
503,2004-07-01,Montana,335
504,2004-07-01,Nebraska,280
505,2004-07-01,Nevada,329
506,2004-07-01,New Hampshire,372
507,2004-07-01,New Jersey,490
508,2004-07-01,New Mexico,290
509,2004-07-01,New York,405
510,2004-07-01,North Carolina,416
511,2004-07-01,North Dakota,324
512,2004-07-01,Ohio,323
513,2004-07-01,Oklahoma,275
514,2004-07-01,Oregon,419
515,2004-07-01,Pennsylvania,461
516,2004-07-01,Puerto Rico,133
517,2004-07-01,Rhode Island,462
518,2004-07-01,South Carolina,292
519,2004-07-01,South Dakota,256
520,2004-07-01,Tennessee,275
521,2004-07-01,Texas,330
522,2004-07-01,Utah,362
523,2004-07-01,Vermont,371
524,2004-07-01,Virgin Islands,471
525,2004-07-01,Virginia,326
526,2004-07-01,Washington,496
527,2004-07-01,West Virginia,366
528,2004-07-01,Wisconsin,329
529,2004-07-01,Wyoming,316
530,2005-01-01,Alabama,220
531,2005-01-01,Alaska,248
532,2005-01-01,Arizona,240
533,2005-01-01,Arkansas,345
534,2005-01-01,California,450
535,2005-01-01,Colorado,407
536,2005-01-01,Connecticut,447
537,2005-01-01,Delaware,330
538,2005-01-01,District of Columbia,309
539,2005-01-01,Florida,275
540,2005-01-01,Georgia,300
541,2005-01-01,Hawaii,436
542,2005-01-01,Idaho,325
543,2005-01-01,Illinois,336
544,2005-01-01,Indiana,369
545,2005-01-01,Iowa,310
546,2005-01-01,Kansas,359
547,2005-01-01,Kentucky,365
548,2005-01-01,Louisiana,258
549,2005-01-01,Maine,302
550,2005-01-01,Maryland,310
551,2005-01-01,Massachusetts,528
552,2005-01-01,Michigan,362
553,2005-01-01,Minnesota,493
554,2005-01-01,Mississippi,210
555,2005-01-01,Missouri,250
556,2005-01-01,Montana,335
557,2005-01-01,Nebraska,288
558,2005-01-01,Nevada,329
559,2005-01-01,New Hampshire,372
560,2005-01-01,New Jersey,503
561,2005-01-01,New Mexico,300
562,2005-01-01,New York,405
563,2005-01-01,North Carolina,426
564,2005-01-01,North Dakota,324
565,2005-01-01,Ohio,331
566,2005-01-01,Oklahoma,292
567,2005-01-01,Oregon,419
568,2005-01-01,Pennsylvania,478
569,2005-01-01,Puerto Rico,133
570,2005-01-01,Rhode Island,462
571,2005-01-01,South Carolina,292
572,2005-01-01,South Dakota,256
573,2005-01-01,Tennessee,275
574,2005-01-01,Texas,336
575,2005-01-01,Utah,371
576,2005-01-01,Vermont,371
577,2005-01-01,Virgin Islands,387
578,2005-01-01,Virginia,326
579,2005-01-01,Washington,496
580,2005-01-01,West Virginia,366
581,2005-01-01,Wisconsin,329
582,2005-01-01,Wyoming,316
583,2005-07-01,Alabama,220
584,2005-07-01,Alaska,248
585,2005-07-01,Arizona,240
586,2005-07-01,Arkansas,382
587,2005-07-01,California,450
588,2005-07-01,Colorado,421
589,2005-07-01,Connecticut,447
590,2005-07-01,Delaware,330
591,2005-07-01,District of Columbia,359
592,2005-07-01,Florida,275
593,2005-07-01,Georgia,300
594,2005-07-01,Hawaii,436
595,2005-07-01,Idaho,322
596,2005-07-01,Illinois,336
597,2005-07-01,Indiana,390
598,2005-07-01,Iowa,324
599,2005-07-01,Kansas,373
600,2005-07-01,Kentucky,365
601,2005-07-01,Louisiana,258
602,2005-07-01,Maine,302
603,2005-07-01,Maryland,310
604,2005-07-01,Massachusetts,528
605,2005-07-01,Michigan,362
606,2005-07-01,Minnesota,493
607,2005-07-01,Mississippi,210
608,2005-07-01,Missouri,250
609,2005-07-01,Montana,346
610,2005-07-01,Nebraska,288
611,2005-07-01,Nevada,346
612,2005-07-01,New Hampshire,372
613,2005-07-01,New Jersey,503
614,2005-07-01,New Mexico,300
615,2005-07-01,New York,405
616,2005-07-01,North Carolina,442
617,2005-07-01,North Dakota,340
618,2005-07-01,Ohio,331
619,2005-07-01,Oklahoma,292
620,2005-07-01,Oregon,434
621,2005-07-01,Pennsylvania,478
622,2005-07-01,Puerto Rico,133
623,2005-07-01,Rhode Island,477
624,2005-07-01,South Carolina,303
625,2005-07-01,South Dakota,266
626,2005-07-01,Tennessee,275
627,2005-07-01,Texas,336
628,2005-07-01,Utah,371
629,2005-07-01,Vermont,385
630,2005-07-01,Virgin Islands,387
631,2005-07-01,Virginia,330
632,2005-07-01,Washington,496
633,2005-07-01,West Virginia,380
634,2005-07-01,Wisconsin,329
635,2005-07-01,Wyoming,330
636,2006-01-01,Alabama,220
637,2006-01-01,Alaska,248
638,2006-01-01,Arizona,240
639,2006-01-01,Arkansas,382
640,2006-01-01,California,450
641,2006-01-01,Colorado,421
642,2006-01-01,Connecticut,465
643,2006-01-01,Delaware,330
644,2006-01-01,District of Columbia,359
645,2006-01-01,Florida,275
646,2006-01-01,Georgia,300
647,2006-01-01,Hawaii,459
648,2006-01-01,Idaho,322
649,2006-01-01,Illinois,350
650,2006-01-01,Indiana,390
651,2006-01-01,Iowa,324
652,2006-01-01,Kansas,373
653,2006-01-01,Kentucky,365
654,2006-01-01,Louisiana,258
655,2006-01-01,Maine,313
656,2006-01-01,Maryland,340
657,2006-01-01,Massachusetts,528
658,2006-01-01,Michigan,362
659,2006-01-01,Minnesota,515
660,2006-01-01,Mississippi,210
661,2006-01-01,Missouri,270
662,2006-01-01,Montana,346
663,2006-01-01,Nebraska,288
664,2006-01-01,Nevada,346
665,2006-01-01,New Hampshire,372
666,2006-01-01,New Jersey,521
667,2006-01-01,New Mexico,312
668,2006-01-01,New York,405
669,2006-01-01,North Carolina,442
670,2006-01-01,North Dakota,340
671,2006-01-01,Ohio,343
672,2006-01-01,Oklahoma,317
673,2006-01-01,Oregon,434
674,2006-01-01,Pennsylvania,497
675,2006-01-01,Puerto Rico,133
676,2006-01-01,Rhode Island,477
677,2006-01-01,South Carolina,303
678,2006-01-01,South Dakota,266
679,2006-01-01,Tennessee,275
680,2006-01-01,Texas,336
681,2006-01-01,Utah,383
682,2006-01-01,Vermont,385
683,2006-01-01,Virgin Islands,416
684,2006-01-01,Virginia,330
685,2006-01-01,Washington,496
686,2006-01-01,West Virginia,380
687,2006-01-01,Wisconsin,341
688,2006-01-01,Wyoming,330
689,2006-07-01,Alabama,230
690,2006-07-01,Alaska,248
691,2006-07-01,Arizona,240
692,2006-07-01,Arkansas,395
693,2006-07-01,California,450
694,2006-07-01,Colorado,435
695,2006-07-01,Connecticut,465
696,2006-07-01,Delaware,330
697,2006-07-01,District of Columbia,359
698,2006-07-01,Florida,275
699,2006-07-01,Georgia,320
700,2006-07-01,Hawaii,459
701,2006-07-01,Idaho,322
702,2006-07-01,Illinois,350
703,2006-07-01,Indiana,390
704,2006-07-01,Iowa,334
705,2006-07-01,Kansas,386
706,2006-07-01,Kentucky,401
707,2006-07-01,Louisiana,258
708,2006-07-01,Maine,320
709,2006-07-01,Maryland,340
710,2006-07-01,Massachusetts,551
711,2006-07-01,Michigan,362
712,2006-07-01,Minnesota,350
713,2006-07-01,Mississippi,210
714,2006-07-01,Missouri,270
715,2006-07-01,Montana,362
716,2006-07-01,Nebraska,288
717,2006-07-01,Nevada,362
718,2006-07-01,New Hampshire,372
719,2006-07-01,New Jersey,521
720,2006-07-01,New Mexico,312
721,2006-07-01,New York,405
722,2006-07-01,North Carolina,442
723,2006-07-01,North Dakota,351
724,2006-07-01,Ohio,343
725,2006-07-01,Oklahoma,317
726,2006-07-01,Oregon,445
727,2006-07-01,Pennsylvania,497
728,2006-07-01,Puerto Rico,133
729,2006-07-01,Rhode Island,492
730,2006-07-01,South Carolina,303
731,2006-07-01,South Dakota,274
732,2006-07-01,Tennessee,275
733,2006-07-01,Texas,350
734,2006-07-01,Utah,383
735,2006-07-01,Vermont,394
736,2006-07-01,Virgin Islands,416
737,2006-07-01,Virginia,347
738,2006-07-01,Washington,496
739,2006-07-01,West Virginia,391
740,2006-07-01,Wisconsin,341
741,2006-07-01,Wyoming,349
742,2007-01-01,Alabama,230
743,2007-01-01,Alaska,248
744,2007-01-01,Arizona,240
745,2007-01-01,Arkansas,395
746,2007-01-01,California,450
747,2007-01-01,Colorado,435
748,2007-01-01,Connecticut,483
749,2007-01-01,Delaware,330
750,2007-01-01,District of Columbia,359
751,2007-01-01,Florida,275
752,2007-01-01,Georgia,320
753,2007-01-01,Hawaii,475
754,2007-01-01,Idaho,338
755,2007-01-01,Illinois,367
756,2007-01-01,Indiana,390
757,2007-01-01,Iowa,334
758,2007-01-01,Kansas,386
759,2007-01-01,Kentucky,401
760,2007-01-01,Louisiana,258
761,2007-01-01,Maine,320
762,2007-01-01,Maryland,340
763,2007-01-01,Massachusetts,575
764,2007-01-01,Michigan,362
765,2007-01-01,Minnesota,351
766,2007-01-01,Mississippi,210
767,2007-01-01,Missouri,280
768,2007-01-01,Montana,362
769,2007-01-01,Nebraska,288
770,2007-01-01,Nevada,362
771,2007-01-01,New Hampshire,372
772,2007-01-01,New Jersey,536
773,2007-01-01,New Mexico,326
774,2007-01-01,New York,405
775,2007-01-01,North Carolina,457
776,2007-01-01,North Dakota,351
777,2007-01-01,Ohio,355
778,2007-01-01,Oklahoma,342
779,2007-01-01,Oregon,445
780,2007-01-01,Pennsylvania,520
781,2007-01-01,Puerto Rico,133
782,2007-01-01,Rhode Island,492
783,2007-01-01,South Carolina,303
784,2007-01-01,South Dakota,274
785,2007-01-01,Tennessee,275
786,2007-01-01,Texas,364
787,2007-01-01,Utah,406
788,2007-01-01,Vermont,394
789,2007-01-01,Virgin Islands,426
790,2007-01-01,Virginia,347
791,2007-01-01,Washington,496
792,2007-01-01,West Virginia,391
793,2007-01-01,Wisconsin,355
794,2007-01-01,Wyoming,349
795,2007-07-01,Alabama,235
796,2007-07-01,Alaska,248
797,2007-07-01,Arizona,240
798,2007-07-01,Arkansas,409
799,2007-07-01,California,450
800,2007-07-01,Colorado,413
801,2007-07-01,Connecticut,483
802,2007-07-01,Delaware,330
803,2007-07-01,District of Columbia,359
804,2007-07-01,Florida,275
805,2007-07-01,Georgia,320
806,2007-07-01,Hawaii,475
807,2007-07-01,Idaho,338
808,2007-07-01,Illinois,367
809,2007-07-01,Indiana,390
810,2007-07-01,Iowa,347
811,2007-07-01,Kansas,407
812,2007-07-01,Kentucky,415
813,2007-07-01,Louisiana,258
814,2007-07-01,Maine,331
815,2007-07-01,Maryland,340
816,2007-07-01,Massachusetts,575
817,2007-07-01,Michigan,362
818,2007-07-01,Minnesota,351
819,2007-07-01,Mississippi,210
820,2007-07-01,Missouri,280
821,2007-07-01,Montana,381
822,2007-07-01,Nebraska,288
823,2007-07-01,Nevada,362
824,2007-07-01,New Hampshire,427
825,2007-07-01,New Jersey,536
826,2007-07-01,New Mexico,332
827,2007-07-01,New York,405
828,2007-07-01,North Carolina,457
829,2007-07-01,North Dakota,385
830,2007-07-01,Ohio,355
831,2007-07-01,Oklahoma,342
832,2007-07-01,Oregon,463
833,2007-07-01,Pennsylvania,520
834,2007-07-01,Puerto Rico,133
835,2007-07-01,Rhode Island,513
836,2007-07-01,South Carolina,303
837,2007-07-01,South Dakota,285
838,2007-07-01,Tennessee,275
839,2007-07-01,Texas,364
840,2007-07-01,Utah,406
841,2007-07-01,Vermont,409
842,2007-07-01,Virgin Islands,426
843,2007-07-01,Virginia,363
844,2007-07-01,Washington,516
845,2007-07-01,West Virginia,391
846,2007-07-01,Wisconsin,355
847,2007-07-01,Wyoming,387
848,2008-01-01,Alabama,235
849,2008-01-01,Alaska,248
850,2008-01-01,Arizona,240
851,2008-01-01,Arkansas,409
852,2008-01-01,California,450
853,2008-01-01,Colorado,413
854,2008-01-01,Connecticut,501
855,2008-01-01,Delaware,330
856,2008-01-01,District of Columbia,359
857,2008-01-01,Florida,275
858,2008-01-01,Georgia,320
859,2008-01-01,Hawaii,523
860,2008-01-01,Idaho,364
861,2008-01-01,Illinois,369
862,2008-01-01,Indiana,390
863,2008-01-01,Iowa,347
864,2008-01-01,Kansas,407
865,2008-01-01,Kentucky,415
866,2008-01-01,Louisiana,258
867,2008-01-01,Maine,331
868,2008-01-01,Maryland,380
869,2008-01-01,Massachusetts,600
870,2008-01-01,Michigan,362
871,2008-01-01,Minnesota,351
872,2008-01-01,Mississippi,210
873,2008-01-01,Missouri,320
874,2008-01-01,Montana,386
875,2008-01-01,Nebraska,298
876,2008-01-01,Nevada,362
877,2008-01-01,New Hampshire,427
878,2008-01-01,New Jersey,560
879,2008-01-01,New Mexico,355
880,2008-01-01,New York,405
881,2008-01-01,North Carolina,457
882,2008-01-01,North Dakota,385
883,2008-01-01,Ohio,365
884,2008-01-01,Oklahoma,392
885,2008-01-01,Oregon,463
886,2008-01-01,Pennsylvania,539
887,2008-01-01,Puerto Rico,133
888,2008-01-01,Rhode Island,513
889,2008-01-01,South Carolina,326
890,2008-01-01,South Dakota,285
891,2008-01-01,Tennessee,275
892,2008-01-01,Texas,378
893,2008-01-01,Utah,427
894,2008-01-01,Vermont,409
895,2008-01-01,Virgin Islands,454
896,2008-01-01,Virginia,363
897,2008-01-01,Washington,515
898,2008-01-01,West Virginia,408
899,2008-01-01,Wisconsin,355
900,2008-01-01,Wyoming,387
901,2008-07-01,Alabama,235
902,2008-07-01,Alaska,248
903,2008-07-01,Arizona,240
904,2008-07-01,Arkansas,431
905,2008-07-01,California,450
906,2008-07-01,Colorado,431
907,2008-07-01,Connecticut,501
908,2008-07-01,Delaware,330
909,2008-07-01,District of Columbia,359
910,2008-07-01,Florida,275
911,2008-07-01,Georgia,330
912,2008-07-01,Hawaii,523
913,2008-07-01,Idaho,364
914,2008-07-01,Illinois,369
915,2008-07-01,Indiana,390
916,2008-07-01,Iowa,361
917,2008-07-01,Kansas,423
918,2008-07-01,Kentucky,415
919,2008-07-01,Louisiana,284
920,2008-07-01,Maine,344
921,2008-07-01,Maryland,380
922,2008-07-01,Massachusetts,600
923,2008-07-01,Michigan,362
924,2008-07-01,Minnesota,351
925,2008-07-01,Mississippi,230
926,2008-07-01,Missouri,320
927,2008-07-01,Montana,407
928,2008-07-01,Nebraska,298
929,2008-07-01,Nevada,393
930,2008-07-01,New Hampshire,427
931,2008-07-01,New Jersey,560
932,2008-07-01,New Mexico,355
933,2008-07-01,New York,405
934,2008-07-01,North Carolina,457
935,2008-07-01,North Dakota,406
936,2008-07-01,Ohio,365
937,2008-07-01,Oklahoma,392
938,2008-07-01,Oregon,482
939,2008-07-01,Pennsylvania,539
940,2008-07-01,Puerto Rico,133
941,2008-07-01,Rhode Island,528
942,2008-07-01,South Carolina,326
943,2008-07-01,South Dakota,298
944,2008-07-01,Tennessee,275
945,2008-07-01,Texas,378
946,2008-07-01,Utah,427
947,2008-07-01,Vermont,425
948,2008-07-01,Virgin Islands,454
949,2008-07-01,Virginia,378
950,2008-07-01,Washington,541
951,2008-07-01,West Virginia,424
952,2008-07-01,Wisconsin,355
953,2008-07-01,Wyoming,415
954,2009-01-01,Alabama,255
955,2009-01-01,Alaska,370
956,2009-01-01,Arizona,240
957,2009-01-01,Arkansas,431
958,2009-01-01,California,450
959,2009-01-01,Colorado,431
960,2009-01-01,Connecticut,519
961,2009-01-01,Delaware,330
962,2009-01-01,District of Columbia,359
963,2009-01-01,Florida,275
964,2009-01-01,Georgia,330
965,2009-01-01,Hawaii,545
966,2009-01-01,Idaho,362
967,2009-01-01,Illinois,385
968,2009-01-01,Indiana,390
969,2009-01-01,Iowa,361
970,2009-01-01,Kansas,423
971,2009-01-01,Kentucky,415
972,2009-01-01,Louisiana,284
973,2009-01-01,Maine,344
974,2009-01-01,Maryland,380
975,2009-01-01,Massachusetts,628
976,2009-01-01,Michigan,362
977,2009-01-01,Minnesota,351
978,2009-01-01,Mississippi,230
979,2009-01-01,Missouri,320
980,2009-01-01,Montana,407
981,2009-01-01,Nebraska,308
982,2009-01-01,Nevada,393
983,2009-01-01,New Hampshire,427
984,2009-01-01,New Jersey,584
985,2009-01-01,New Mexico,359
986,2009-01-01,New York,405
987,2009-01-01,North Carolina,494
988,2009-01-01,North Dakota,406
989,2009-01-01,Ohio,372
990,2009-01-01,Oklahoma,409
991,2009-01-01,Oregon,482
992,2009-01-01,Pennsylvania,558
993,2009-01-01,Puerto Rico,133
994,2009-01-01,Rhode Island,528
995,2009-01-01,South Carolina,326
996,2009-01-01,South Dakota,298
997,2009-01-01,Tennessee,275
998,2009-01-01,Texas,392
999,2009-01-01,Utah,444
1000,2009-01-01,Vermont,425
1001,2009-01-01,Virgin Islands,459
1002,2009-01-01,Virginia,378
1003,2009-01-01,Washington,541
1004,2009-01-01,West Virginia,424
1005,2009-01-01,Wisconsin,363
1006,2009-01-01,Wyoming,415
1007,2009-07-01,Alabama,265
1008,2009-07-01,Alaska,370
1009,2009-07-01,Arizona,240
1010,2009-07-01,Arkansas,441
1011,2009-07-01,California,450
1012,2009-07-01,Colorado,443
1013,2009-07-01,Connecticut,519
1014,2009-07-01,Delaware,330
1015,2009-07-01,District of Columbia,359
1016,2009-07-01,Florida,275
1017,2009-07-01,Georgia,330
1018,2009-07-01,Hawaii,545
1019,2009-07-01,Idaho,362
1020,2009-07-01,Illinois,385
1021,2009-07-01,Indiana,390
1022,2009-07-01,Iowa,374
1023,2009-07-01,Kansas,436
1024,2009-07-01,Kentucky,415
1025,2009-07-01,Louisiana,284
1026,2009-07-01,Maine,356
1027,2009-07-01,Maryland,380
1028,2009-07-01,Massachusetts,628
1029,2009-07-01,Michigan,362
1030,2009-07-01,Minnesota,351
1031,2009-07-01,Mississippi,235
1032,2009-07-01,Missouri,320
1033,2009-07-01,Montana,422
1034,2009-07-01,Nebraska,308
1035,2009-07-01,Nevada,400
1036,2009-07-01,New Hampshire,427
1037,2009-07-01,New Jersey,584
1038,2009-07-01,New Mexico,403
1039,2009-07-01,New York,405
1040,2009-07-01,North Carolina,505
1041,2009-07-01,North Dakota,431
1042,2009-07-01,Ohio,372
1043,2009-07-01,Oklahoma,409
1044,2009-07-01,Oregon,493
1045,2009-07-01,Pennsylvania,558
1046,2009-07-01,Puerto Rico,133
1047,2009-07-01,Rhode Island,546
1048,2009-07-01,South Carolina,326
1049,2009-07-01,South Dakota,309
1050,2009-07-01,Tennessee,275
1051,2009-07-01,Texas,392
1052,2009-07-01,Utah,444
1053,2009-07-01,Vermont,425
1054,2009-07-01,Virgin Islands,459
1055,2009-07-01,Virginia,378
1056,2009-07-01,Washington,605
1057,2009-07-01,West Virginia,424
1058,2009-07-01,Wisconsin,363
1059,2009-07-01,Wyoming,438
1060,2010-01-01,Alabama,265
1061,2010-01-01,Alaska,370
1062,2010-01-01,Arizona,240
1063,2010-01-01,Arkansas,441
1064,2010-01-01,California,450
1065,2010-01-01,Colorado,443
1066,2010-01-01,Connecticut,537
1067,2010-01-01,Delaware,330
1068,2010-01-01,District of Columbia,359
1069,2010-01-01,Florida,275
1070,2010-01-01,Georgia,330
1071,2010-01-01,Hawaii,559
1072,2010-01-01,Idaho,334
1073,2010-01-01,Illinois,385
1074,2010-01-01,Indiana,390
1075,2010-01-01,Iowa,374
1076,2010-01-01,Kansas,436
1077,2010-01-01,Kentucky,415
1078,2010-01-01,Louisiana,247
1079,2010-01-01,Maine,356
1080,2010-01-01,Maryland,410
1081,2010-01-01,Massachusetts,629
1082,2010-01-01,Michigan,362
1083,2010-01-01,Minnesota,377
1084,2010-01-01,Mississippi,235
1085,2010-01-01,Missouri,320
1086,2010-01-01,Montana,422
1087,2010-01-01,Nebraska,318
1088,2010-01-01,Nevada,400
1089,2010-01-01,New Hampshire,427
1090,2010-01-01,New Jersey,600
1091,2010-01-01,New Mexico,426
1092,2010-01-01,New York,405
1093,2010-01-01,North Carolina,505
1094,2010-01-01,North Dakota,431
1095,2010-01-01,Ohio,375
1096,2010-01-01,Oklahoma,430
1097,2010-01-01,Oregon,493
1098,2010-01-01,Pennsylvania,564
1099,2010-01-01,Puerto Rico,133
1100,2010-01-01,Rhode Island,546
1101,2010-01-01,South Carolina,326
1102,2010-01-01,South Dakota,309
1103,2010-01-01,Tennessee,275
1104,2010-01-01,Texas,406
1105,2010-01-01,Utah,451
1106,2010-01-01,Vermont,425
1107,2010-01-01,Virgin Islands,462
1108,2010-01-01,Virginia,378
1109,2010-01-01,Washington,560
1110,2010-01-01,West Virginia,424
1111,2010-01-01,Wisconsin,363
1112,2010-01-01,Wyoming,438
1113,2010-07-01,Alabama,265
1114,2010-07-01,Alaska,370
1115,2010-07-01,Arizona,240
1116,2010-07-01,Arkansas,451
1117,2010-07-01,California,450
1118,2010-07-01,Colorado,445
1119,2010-07-01,Connecticut,537
1120,2010-07-01,Delaware,330
1121,2010-07-01,District of Columbia,359
1122,2010-07-01,Florida,275
1123,2010-07-01,Georgia,330
1124,2010-07-01,Hawaii,559
1125,2010-07-01,Idaho,334
1126,2010-07-01,Illinois,385
1127,2010-07-01,Indiana,390
1128,2010-07-01,Iowa,376
1129,2010-07-01,Kansas,435
1130,2010-07-01,Kentucky,415
1131,2010-07-01,Louisiana,247
1132,2010-07-01,Maine,359
1133,2010-07-01,Maryland,410
1134,2010-07-01,Massachusetts,629
1135,2010-07-01,Michigan,362
1136,2010-07-01,Minnesota,377
1137,2010-07-01,Mississippi,235
1138,2010-07-01,Missouri,320
1139,2010-07-01,Montana,422
1140,2010-07-01,Nebraska,318
1141,2010-07-01,Nevada,398
1142,2010-07-01,New Hampshire,427
1143,2010-07-01,New Jersey,600
1144,2010-07-01,New Mexico,380
1145,2010-07-01,New York,405
1146,2010-07-01,North Carolina,505
1147,2010-07-01,North Dakota,442
1148,2010-07-01,Ohio,375
1149,2010-07-01,Oklahoma,430
1150,2010-07-01,Oregon,496
1151,2010-07-01,Pennsylvania,564
1152,2010-07-01,Puerto Rico,133
1153,2010-07-01,Rhode Island,551
1154,2010-07-01,South Carolina,326
1155,2010-07-01,South Dakota,314
1156,2010-07-01,Tennessee,275
1157,2010-07-01,Texas,406
1158,2010-07-01,Utah,451
1159,2010-07-01,Vermont,425
1160,2010-07-01,Virgin Islands,462
1161,2010-07-01,Virginia,378
1162,2010-07-01,Washington,560
1163,2010-07-01,West Virginia,424
1164,2010-07-01,Wisconsin,363
1165,2010-07-01,Wyoming,430
1166,2011-01-01,Alabama,265
1167,2011-01-01,Alaska,370
1168,2011-01-01,Arizona,240
1169,2011-01-01,Arkansas,451
1170,2011-01-01,California,450
1171,2011-01-01,Colorado,445
1172,2011-01-01,Connecticut,555
1173,2011-01-01,Delaware,330
1174,2011-01-01,District of Columbia,359
1175,2011-01-01,Florida,275
1176,2011-01-01,Georgia,330
1177,2011-01-01,Hawaii,549
1178,2011-01-01,Idaho,336
1179,2011-01-01,Illinois,388
1180,2011-01-01,Indiana,390
1181,2011-01-01,Iowa,376
1182,2011-01-01,Kansas,435
1183,2011-01-01,Kentucky,415
1184,2011-01-01,Louisiana,247
1185,2011-01-01,Maine,359
1186,2011-01-01,Maryland,430
1187,2011-01-01,Massachusetts,625
1188,2011-01-01,Michigan,362
1189,2011-01-01,Minnesota,372
1190,2011-01-01,Mississippi,235
1191,2011-01-01,Missouri,320
1192,2011-01-01,Montana,421
1193,2011-01-01,Nebraska,348
1194,2011-01-01,Nevada,398
1195,2011-01-01,New Hampshire,427
1196,2011-01-01,New Jersey,598
1197,2011-01-01,New Mexico,386
1198,2011-01-01,New York,405
1199,2011-01-01,North Carolina,506
1200,2011-01-01,North Dakota,442
1201,2011-01-01,Ohio,387
1202,2011-01-01,Oklahoma,358
1203,2011-01-01,Oregon,496
1204,2011-01-01,Pennsylvania,573
1205,2011-01-01,Puerto Rico,133
1206,2011-01-01,Rhode Island,551
1207,2011-01-01,South Carolina,326
1208,2011-01-01,South Dakota,314
1209,2011-01-01,Tennessee,275
1210,2011-01-01,Texas,415
1211,2011-01-01,Utah,452
1212,2011-01-01,Vermont,425
1213,2011-01-01,Virgin Islands,462
1214,2011-01-01,Virginia,378
1215,2011-01-01,Washington,570
1216,2011-01-01,West Virginia,424
1217,2011-01-01,Wisconsin,363
1218,2011-01-01,Wyoming,430
1219,2011-07-01,Alabama,265
1220,2011-07-01,Alaska,370
1221,2011-07-01,Arizona,240
1222,2011-07-01,Arkansas,457
1223,2011-07-01,California,450
1224,2011-07-01,Colorado,454
1225,2011-07-01,Connecticut,555
1226,2011-07-01,Delaware,330
1227,2011-07-01,District of Columbia,359
1228,2011-07-01,Florida,275
1229,2011-07-01,Georgia,330
1230,2011-07-01,Hawaii,549
1231,2011-07-01,Idaho,336
1232,2011-07-01,Illinois,388
1233,2011-07-01,Indiana,390
1234,2011-07-01,Iowa,385
1235,2011-07-01,Kansas,444
1236,2011-07-01,Kentucky,415
1237,2011-07-01,Louisiana,247
1238,2011-07-01,Maine,366
1239,2011-07-01,Maryland,430
1240,2011-07-01,Massachusetts,625
1241,2011-07-01,Michigan,362
1242,2011-07-01,Minnesota,372
1243,2011-07-01,Mississippi,235
1244,2011-07-01,Missouri,320
1245,2011-07-01,Montana,431
1246,2011-07-01,Nebraska,348
1247,2011-07-01,Nevada,396
1248,2011-07-01,New Hampshire,427
1249,2011-07-01,New Jersey,598
1250,2011-07-01,New Mexico,386
1251,2011-07-01,New York,405
1252,2011-07-01,North Carolina,522
1253,2011-07-01,North Dakota,470
1254,2011-07-01,Ohio,387
1255,2011-07-01,Oklahoma,358
1256,2011-07-01,Oregon,507
1257,2011-07-01,Pennsylvania,573
1258,2011-07-01,Puerto Rico,133
1259,2011-07-01,Rhode Island,566
1260,2011-07-01,South Carolina,326
1261,2011-07-01,South Dakota,323
1262,2011-07-01,Tennessee,275
1263,2011-07-01,Texas,415
1264,2011-07-01,Utah,452
1265,2011-07-01,Vermont,425
1266,2011-07-01,Virgin Islands,470
1267,2011-07-01,Virginia,378
1268,2011-07-01,Washington,583
1269,2011-07-01,West Virginia,424
1270,2011-07-01,Wisconsin,363
1271,2011-07-01,Wyoming,444
1272,2012-01-01,Alabama,265
1273,2012-01-01,Alaska,370
1274,2012-01-01,Arizona,240
1275,2012-01-01,Arkansas,457
1276,2012-01-01,California,450
1277,2012-01-01,Colorado,454
1278,2012-01-01,Connecticut,573
1279,2012-01-01,Delaware,330
1280,2012-01-01,District of Columbia,359
1281,2012-01-01,Florida,275
1282,2012-01-01,Georgia,330
1283,2012-01-01,Hawaii,523
1284,2012-01-01,Idaho,343
1285,2012-01-01,Illinois,403
1286,2012-01-01,Indiana,390
1287,2012-01-01,Iowa,385
1288,2012-01-01,Kansas,444
1289,2012-01-01,Kentucky,415
1290,2012-01-01,Louisiana,247
1291,2012-01-01,Maine,366
1292,2012-01-01,Maryland,430
1293,2012-01-01,Massachusetts,653
1294,2012-01-01,Michigan,362
1295,2012-01-01,Minnesota,385
1296,2012-01-01,Mississippi,235
1297,2012-01-01,Missouri,320
1298,2012-01-01,Montana,431
1299,2012-01-01,Nebraska,354
1300,2012-01-01,Nevada,396
1301,2012-01-01,New Hampshire,427
1302,2012-01-01,New Jersey,611
1303,2012-01-01,New Mexico,397
1304,2012-01-01,New York,405
1305,2012-01-01,North Carolina,522
1306,2012-01-01,North Dakota,470
1307,2012-01-01,Ohio,400
1308,2012-01-01,Oklahoma,368
1309,2012-01-01,Oregon,507
1310,2012-01-01,Pennsylvania,573
1311,2012-01-01,Puerto Rico,133
1312,2012-01-01,Rhode Island,566
1313,2012-01-01,South Carolina,326
1314,2012-01-01,South Dakota,323
1315,2012-01-01,Tennessee,275
1316,2012-01-01,Texas,426
1317,2012-01-01,Utah,467
1318,2012-01-01,Vermont,425
1319,2012-01-01,Virgin Islands,495
1320,2012-01-01,Virginia,378
1321,2012-01-01,Washington,583
1322,2012-01-01,West Virginia,424
1323,2012-01-01,Wisconsin,363
1324,2012-01-01,Wyoming,444
1325,2012-07-01,Alabama,265
1326,2012-07-01,Alaska,370
1327,2012-07-01,Arizona,240
1328,2012-07-01,Arkansas,451
1329,2012-07-01,California,450
1330,2012-07-01,Colorado,466
1331,2012-07-01,Connecticut,573
1332,2012-07-01,Delaware,330
1333,2012-07-01,District of Columbia,359
1334,2012-07-01,Florida,275
1335,2012-07-01,Georgia,330
1336,2012-07-01,Hawaii,523
1337,2012-07-01,Idaho,343
1338,2012-07-01,Illinois,403
1339,2012-07-01,Indiana,390
1340,2012-07-01,Iowa,396
1341,2012-07-01,Kansas,456
1342,2012-07-01,Kentucky,415
1343,2012-07-01,Louisiana,247
1344,2012-07-01,Maine,372
1345,2012-07-01,Maryland,430
1346,2012-07-01,Massachusetts,653
1347,2012-07-01,Michigan,362
1348,2012-07-01,Minnesota,385
1349,2012-07-01,Mississippi,235
1350,2012-07-01,Missouri,320
1351,2012-07-01,Montana,446
1352,2012-07-01,Nebraska,354
1353,2012-07-01,Nevada,396
1354,2012-07-01,New Hampshire,427
1355,2012-07-01,New Jersey,611
1356,2012-07-01,New Mexico,397
1357,2012-07-01,New York,405
1358,2012-07-01,North Carolina,522
1359,2012-07-01,North Dakota,516
1360,2012-07-01,Ohio,400
1361,2012-07-01,Oklahoma,368
1362,2012-07-01,Oregon,524
1363,2012-07-01,Pennsylvania,573
1364,2012-07-01,Puerto Rico,133
1365,2012-07-01,Rhode Island,566
1366,2012-07-01,South Carolina,326
1367,2012-07-01,South Dakota,333
1368,2012-07-01,Tennessee,275
1369,2012-07-01,Texas,426
1370,2012-07-01,Utah,467
1371,2012-07-01,Vermont,425
1372,2012-07-01,Virgin Islands,494
1373,2012-07-01,Virginia,378
1374,2012-07-01,Washington,604
1375,2012-07-01,West Virginia,424
1376,2012-07-01,Wisconsin,363
1377,2012-07-01,Wyoming,459
1378,2013-01-01,Alabama,265
1379,2013-01-01,Alaska,370
1380,2013-01-01,Arizona,240
1381,2013-01-01,Arkansas,451
1382,2013-01-01,California,450
1383,2013-01-01,Colorado,466
1384,2013-01-01,Connecticut,591
1385,2013-01-01,Delaware,330
1386,2013-01-01,District of Columbia,359
1387,2013-01-01,Florida,275
1388,2013-01-01,Georgia,330
1389,2013-01-01,Hawaii,534
1390,2013-01-01,Idaho,357
1391,2013-01-01,Illinois,413
1392,2013-01-01,Indiana,390
1393,2013-01-01,Iowa,396
1394,2013-01-01,Kansas,456
1395,2013-01-01,Kentucky,415
1396,2013-01-01,Louisiana,247
1397,2013-01-01,Maine,372
1398,2013-01-01,Maryland,430
1399,2013-01-01,Massachusetts,674
1400,2013-01-01,Michigan,362
1401,2013-01-01,Minnesota,393
1402,2013-01-01,Mississippi,235
1403,2013-01-01,Missouri,320
1404,2013-01-01,Montana,446
1405,2013-01-01,Nebraska,362
1406,2013-01-01,Nevada,402
1407,2013-01-01,New Hampshire,427
1408,2013-01-01,New Jersey,624
1409,2013-01-01,New Mexico,407
1410,2013-01-01,New York,405
1411,2013-01-01,North Carolina,535
1412,2013-01-01,North Dakota,516
1413,2013-01-01,Ohio,413
1414,2013-01-01,Oklahoma,386
1415,2013-01-01,Oregon,524
1416,2013-01-01,Pennsylvania,573
1417,2013-01-01,Puerto Rico,133
1418,2013-01-01,Rhode Island,566
1419,2013-01-01,South Carolina,326
1420,2013-01-01,South Dakota,333
1421,2013-01-01,Tennessee,275
1422,2013-01-01,Texas,440
1423,2013-01-01,Utah,479
1424,2013-01-01,Vermont,425
1425,2013-01-01,Virgin Islands,491
1426,2013-01-01,Virginia,378
1427,2013-01-01,Washington,604
1428,2013-01-01,West Virginia,424
1429,2013-01-01,Wisconsin,363
1430,2013-01-01,Wyoming,459
1431,2013-07-01,Alabama,265
1432,2013-07-01,Alaska,370
1433,2013-07-01,Arizona,240
1434,2013-07-01,Arkansas,451
1435,2013-07-01,California,450
1436,2013-07-01,Colorado,481
1437,2013-07-01,Connecticut,591
1438,2013-07-01,Delaware,330
1439,2013-07-01,District of Columbia,359
1440,2013-07-01,Florida,275
1441,2013-07-01,Georgia,330
1442,2013-07-01,Hawaii,534
1443,2013-07-01,Idaho,357
1444,2013-07-01,Illinois,413
1445,2013-07-01,Indiana,390
1446,2013-07-01,Iowa,408
1447,2013-07-01,Kansas,469
1448,2013-07-01,Kentucky,415
1449,2013-07-01,Louisiana,247
1450,2013-07-01,Maine,378
1451,2013-07-01,Maryland,430
1452,2013-07-01,Massachusetts,674
1453,2013-07-01,Michigan,362
1454,2013-07-01,Minnesota,393
1455,2013-07-01,Mississippi,235
1456,2013-07-01,Missouri,320
1457,2013-07-01,Montana,464
1458,2013-07-01,Nebraska,362
1459,2013-07-01,Nevada,407
1460,2013-07-01,New Hampshire,427
1461,2013-07-01,New Jersey,624
1462,2013-07-01,New Mexico,407
1463,2013-07-01,New York,405
1464,2013-07-01,North Carolina,350
1465,2013-07-01,North Dakota,570
1466,2013-07-01,Ohio,413
1467,2013-07-01,Oklahoma,386
1468,2013-07-01,Oregon,538
1469,2013-07-01,Pennsylvania,573
1470,2013-07-01,Puerto Rico,133
1471,2013-07-01,Rhode Island,566
1472,2013-07-01,South Carolina,326
1473,2013-07-01,South Dakota,345
1474,2013-07-01,Tennessee,275
1475,2013-07-01,Texas,440
1476,2013-07-01,Utah,479
1477,2013-07-01,Vermont,425
1478,2013-07-01,Virgin Islands,491
1479,2013-07-01,Virginia,378
1480,2013-07-01,Washington,624
1481,2013-07-01,West Virginia,424
1482,2013-07-01,Wisconsin,363
1483,2013-07-01,Wyoming,471
1484,2014-01-01,Alabama,265
1485,2014-01-01,Alaska,370
1486,2014-01-01,Arizona,240
1487,2014-01-01,Arkansas,451
1488,2014-01-01,California,450
1489,2014-01-01,Colorado,481
1490,2014-01-01,Connecticut,590
1491,2014-01-01,Delaware,330
1492,2014-01-01,District of Columbia,359
1493,2014-01-01,Florida,275
1494,2014-01-01,Georgia,330
1495,2014-01-01,Hawaii,544
1496,2014-01-01,Idaho,383
1497,2014-01-01,Illinois,418
1498,2014-01-01,Indiana,390
1499,2014-01-01,Iowa,408
1500,2014-01-01,Kansas,469
1501,2014-01-01,Kentucky,415
1502,2014-01-01,Louisiana,247
1503,2014-01-01,Maine,378
1504,2014-01-01,Maryland,430
1505,2014-01-01,Massachusetts,679
1506,2014-01-01,Michigan,362
1507,2014-01-01,Minnesota,405
1508,2014-01-01,Mississippi,235
1509,2014-01-01,Missouri,320
1510,2014-01-01,Montana,464
1511,2014-01-01,Nebraska,372
1512,2014-01-01,Nevada,407
1513,2014-01-01,New Hampshire,427
1514,2014-01-01,New Jersey,636
1515,2014-01-01,New Mexico,406
1516,2014-01-01,New York,405
1517,2014-01-01,North Carolina,350
1518,2014-01-01,North Dakota,570
1519,2014-01-01,Ohio,418
1520,2014-01-01,Oklahoma,440
1521,2014-01-01,Oregon,538
1522,2014-01-01,Pennsylvania,573
1523,2014-01-01,Puerto Rico,133
1524,2014-01-01,Rhode Island,566
1525,2014-01-01,South Carolina,326
1526,2014-01-01,South Dakota,345
1527,2014-01-01,Tennessee,275
1528,2014-01-01,Texas,454
1529,2014-01-01,Utah,487
1530,2014-01-01,Vermont,425
1531,2014-01-01,Virgin Islands,468
1532,2014-01-01,Virginia,378
1533,2014-01-01,Washington,624
1534,2014-01-01,West Virginia,424
1535,2014-01-01,Wisconsin,370
1536,2014-01-01,Wyoming,471
1537,2014-07-01,Alabama,265
1538,2014-07-01,Alaska,370
1539,2014-07-01,Arizona,240
1540,2014-07-01,Arkansas,451
1541,2014-07-01,California,450
1542,2014-07-01,Colorado,484
1543,2014-07-01,Connecticut,590
1544,2014-07-01,Delaware,330
1545,2014-07-01,District of Columbia,359
1546,2014-07-01,Florida,275
1547,2014-07-01,Georgia,330
1548,2014-07-01,Hawaii,544
1549,2014-07-01,Idaho,383
1550,2014-07-01,Illinois,418
1551,2014-07-01,Indiana,390
1552,2014-07-01,Iowa,416
1553,2014-07-01,Kansas,474
1554,2014-07-01,Kentucky,415
1555,2014-07-01,Louisiana,247
1556,2014-07-01,Maine,386
1557,2014-07-01,Maryland,430
1558,2014-07-01,Massachusetts,679
1559,2014-07-01,Michigan,362
1560,2014-07-01,Minnesota,412
1561,2014-07-01,Mississippi,235
1562,2014-07-01,Missouri,320
1563,2014-07-01,Montana,471
1564,2014-07-01,Nebraska,372
1565,2014-07-01,Nevada,412
1566,2014-07-01,New Hampshire,427
1567,2014-07-01,New Jersey,636
1568,2014-07-01,New Mexico,406
1569,2014-07-01,New York,405
1570,2014-07-01,North Carolina,350
1571,2014-07-01,North Dakota,594
1572,2014-07-01,Ohio,418
1573,2014-07-01,Oklahoma,440
1574,2014-07-01,Oregon,549
1575,2014-07-01,Pennsylvania,573
1576,2014-07-01,Puerto Rico,133
1577,2014-07-01,Rhode Island,566
1578,2014-07-01,South Carolina,326
1579,2014-07-01,South Dakota,352
1580,2014-07-01,Tennessee,275
1581,2014-07-01,Texas,454
1582,2014-07-01,Utah,487
1583,2014-07-01,Vermont,436
1584,2014-07-01,Virgin Islands,468
1585,2014-07-01,Virginia,378
1586,2014-07-01,Washington,637
1587,2014-07-01,West Virginia,424
1588,2014-07-01,Wisconsin,370
1589,2014-07-01,Wyoming,475
1590,2015-01-01,Alabama,265
1591,2015-01-01,Alaska,370
1592,2015-01-01,Arizona,240
1593,2015-01-01,Arkansas,451
1594,2015-01-01,California,450
1595,2015-01-01,Colorado,484
1596,2015-01-01,Connecticut,594
1597,2015-01-01,Delaware,330
1598,2015-01-01,District of Columbia,359
1599,2015-01-01,Florida,275
1600,2015-01-01,Georgia,330
1601,2015-01-01,Hawaii,551
1602,2015-01-01,Idaho,398
1603,2015-01-01,Illinois,426
1604,2015-01-01,Indiana,390
1605,2015-01-01,Iowa,416
1606,2015-01-01,Kansas,474
1607,2015-01-01,Kentucky,415
1608,2015-01-01,Louisiana,247
1609,2015-01-01,Maine,386
1610,2015-01-01,Maryland,430
1611,2015-01-01,Massachusetts,698
1612,2015-01-01,Michigan,362
1613,2015-01-01,Minnesota,412
1614,2015-01-01,Mississippi,235
1615,2015-01-01,Missouri,320
1616,2015-01-01,Montana,471
1617,2015-01-01,Nebraska,380
1618,2015-01-01,Nevada,412
1619,2015-01-01,New Hampshire,427
1620,2015-01-01,New Jersey,646
1621,2015-01-01,New Mexico,412
1622,2015-01-01,New York,420
1623,2015-01-01,North Carolina,350
1624,2015-01-01,North Dakota,594
1625,2015-01-01,Ohio,424
1626,2015-01-01,Oklahoma,490
1627,2015-01-01,Oregon,549
1628,2015-01-01,Pennsylvania,573
1629,2015-01-01,Puerto Rico,133
1630,2015-01-01,Rhode Island,566
1631,2015-01-01,South Carolina,326
1632,2015-01-01,South Dakota,352
1633,2015-01-01,Tennessee,275
1634,2015-01-01,Texas,465
1635,2015-01-01,Utah,496
1636,2015-01-01,Vermont,436
1637,2015-01-01,Virgin Islands,477
1638,2015-01-01,Virginia,378
1639,2015-01-01,Washington,637
1640,2015-01-01,West Virginia,424
1641,2015-01-01,Wisconsin,370
1642,2015-01-01,Wyoming,475
1643,2015-07-01,Alabama,265
1644,2015-07-01,Alaska,370
1645,2015-07-01,Arizona,240
1646,2015-07-01,Arkansas,451
1647,2015-07-01,California,450
1648,2015-07-01,Colorado,502
1649,2015-07-01,Connecticut,594
1650,2015-07-01,Delaware,330
1651,2015-07-01,District of Columbia,359
1652,2015-07-01,Florida,275
1653,2015-07-01,Georgia,330
1654,2015-07-01,Hawaii,551
1655,2015-07-01,Idaho,398
1656,2015-07-01,Illinois,426
1657,2015-07-01,Indiana,390
1658,2015-07-01,Iowa,431
1659,2015-07-01,Kansas,474
1660,2015-07-01,Kentucky,415
1661,2015-07-01,Louisiana,247
1662,2015-07-01,Maine,397
1663,2015-07-01,Maryland,430
1664,2015-07-01,Massachusetts,698
1665,2015-07-01,Michigan,362
1666,2015-07-01,Minnesota,412
1667,2015-07-01,Mississippi,235
1668,2015-07-01,Missouri,320
1669,2015-07-01,Montana,487
1670,2015-07-01,Nebraska,380
1671,2015-07-01,Nevada,417
1672,2015-07-01,New Hampshire,427
1673,2015-07-01,New Jersey,646
1674,2015-07-01,New Mexico,412
1675,2015-07-01,New York,420
1676,2015-07-01,North Carolina,350
1677,2015-07-01,North Dakota,633
1678,2015-07-01,Ohio,424
1679,2015-07-01,Oklahoma,490
1680,2015-07-01,Oregon,549
1681,2015-07-01,Pennsylvania,573
1682,2015-07-01,Puerto Rico,133
1683,2015-07-01,Rhode Island,566
1684,2015-07-01,South Carolina,326
1685,2015-07-01,South Dakota,366
1686,2015-07-01,Tennessee,275
1687,2015-07-01,Texas,465
1688,2015-07-01,Utah,496
1689,2015-07-01,Vermont,446
1690,2015-07-01,Virgin Islands,477
1691,2015-07-01,Virginia,378
1692,2015-07-01,Washington,664
1693,2015-07-01,West Virginia,424
1694,2015-07-01,Wisconsin,370
1695,2015-07-01,Wyoming,491
1696,2016-01-01,Alabama,265
1697,2016-01-01,Alaska,370
1698,2016-01-01,Arizona,240
1699,2016-01-01,Arkansas,451
1700,2016-01-01,California,450
1701,2016-01-01,Colorado,502
1702,2016-01-01,Connecticut,598
1703,2016-01-01,Delaware,330
1704,2016-01-01,District of Columbia,359
1705,2016-01-01,Florida,275
1706,2016-01-01,Georgia,330
1707,2016-01-01,Hawaii,569
1708,2016-01-01,Idaho,410
1709,2016-01-01,Illinois,437
1710,2016-01-01,Indiana,390
1711,2016-01-01,Iowa,431
1712,2016-01-01,Kansas,474
1713,2016-01-01,Kentucky,415
1714,2016-01-01,Louisiana,247
1715,2016-01-01,Maine,397
1716,2016-01-01,Maryland,430
1717,2016-01-01,Massachusetts,722
1718,2016-01-01,Michigan,362
1719,2016-01-01,Minnesota,424
1720,2016-01-01,Mississippi,235
1721,2016-01-01,Missouri,320
1722,2016-01-01,Montana,487
1723,2016-01-01,Nebraska,392
1724,2016-01-01,Nevada,417
1725,2016-01-01,New Hampshire,427
1726,2016-01-01,New Jersey,657
1727,2016-01-01,New Mexico,423
1728,2016-01-01,New York,420
1729,2016-01-01,North Carolina,350
1730,2016-01-01,North Dakota,633
1731,2016-01-01,Ohio,435
1732,2016-01-01,Oklahoma,505
1733,2016-01-01,Oregon,549
1734,2016-01-01,Pennsylvania,573
1735,2016-01-01,Puerto Rico,133
1736,2016-01-01,Rhode Island,566
1737,2016-01-01,South Carolina,326
1738,2016-01-01,South Dakota,366
1739,2016-01-01,Tennessee,275
1740,2016-01-01,Texas,479
1741,2016-01-01,Utah,509
1742,2016-01-01,Vermont,446
1743,2016-01-01,Virgin Islands,477
1744,2016-01-01,Virginia,378
1745,2016-01-01,Washington,664
1746,2016-01-01,West Virginia,424
1747,2016-01-01,Wisconsin,370
1748,2016-01-01,Wyoming,491
1749,2016-07-01,Alabama,265
1750,2016-07-01,Alaska,370
1751,2016-07-01,Arizona,240
1752,2016-07-01,Arkansas,451
1753,2016-07-01,California,450
1754,2016-07-01,Colorado,516
1755,2016-07-01,Connecticut,598
1756,2016-07-01,Delaware,330
1757,2016-07-01,District of Columbia,359
1758,2016-07-01,Florida,275
1759,2016-07-01,Georgia,330
1760,2016-07-01,Hawaii,569
1761,2016-07-01,Idaho,410
1762,2016-07-01,Illinois,437
1763,2016-07-01,Indiana,390
1764,2016-07-01,Iowa,447
1765,2016-07-01,Kansas,474
1766,2016-07-01,Kentucky,415
1767,2016-07-01,Louisiana,247
1768,2016-07-01,Maine,410
1769,2016-07-01,Maryland,430
1770,2016-07-01,Massachusetts,722
1771,2016-07-01,Michigan,362
1772,2016-07-01,Minnesota,440
1773,2016-07-01,Mississippi,235
1774,2016-07-01,Missouri,320
1775,2016-07-01,Montana,510
1776,2016-07-01,Nebraska,392
1777,2016-07-01,Nevada,426
1778,2016-07-01,New Hampshire,427
1779,2016-07-01,New Jersey,657
1780,2016-07-01,New Mexico,423
1781,2016-07-01,New York,425
1782,2016-07-01,North Carolina,350
1783,2016-07-01,North Dakota,630
1784,2016-07-01,Ohio,435
1785,2016-07-01,Oklahoma,505
1786,2016-07-01,Oregon,590
1787,2016-07-01,Pennsylvania,573
1788,2016-07-01,Puerto Rico,133
1789,2016-07-01,Rhode Island,566
1790,2016-07-01,South Carolina,326
1791,2016-07-01,South Dakota,380
1792,2016-07-01,Tennessee,275
1793,2016-07-01,Texas,479
1794,2016-07-01,Utah,509
1795,2016-07-01,Vermont,458
1796,2016-07-01,Virgin Islands,480
1797,2016-07-01,Virginia,378
1798,2016-07-01,Washington,681
1799,2016-07-01,West Virginia,424
1800,2016-07-01,Wisconsin,370
1801,2016-07-01,Wyoming,489
1802,2017-01-01,Alabama,265
1803,2017-01-01,Alaska,370
1804,2017-01-01,Arizona,240
1805,2017-01-01,Arkansas,451
1806,2017-01-01,California,450
1807,2017-01-01,Colorado,516
1808,2017-01-01,Connecticut,616
1809,2017-01-01,Delaware,330
1810,2017-01-01,District of Columbia,425
1811,2017-01-01,Florida,275
1812,2017-01-01,Georgia,330
1813,2017-01-01,Hawaii,592
1814,2017-01-01,Idaho,410
1815,2017-01-01,Illinois,449
1816,2017-01-01,Indiana,390
1817,2017-01-01,Iowa,447
1818,2017-01-01,Kansas,474
1819,2017-01-01,Kentucky,415
1820,2017-01-01,Louisiana,247
1821,2017-01-01,Maine,410
1822,2017-01-01,Maryland,430
1823,2017-01-01,Massachusetts,742
1824,2017-01-01,Michigan,362
1825,2017-01-01,Minnesota,440
1826,2017-01-01,Mississippi,235
1827,2017-01-01,Missouri,320
1828,2017-01-01,Montana,510
1829,2017-01-01,Nebraska,392
1830,2017-01-01,Nevada,426
1831,2017-01-01,New Hampshire,427
1832,2017-01-01,New Jersey,677
1833,2017-01-01,New Mexico,425
1834,2017-01-01,New York,425
1835,2017-01-01,North Carolina,350
1836,2017-01-01,North Dakota,630
1837,2017-01-01,Ohio,435
1838,2017-01-01,Oklahoma,510
1839,2017-01-01,Oregon,590
1840,2017-01-01,Pennsylvania,561
1841,2017-01-01,Puerto Rico,133
1842,2017-01-01,Rhode Island,566
1843,2017-01-01,South Carolina,326
1844,2017-01-01,South Dakota,380
1845,2017-01-01,Tennessee,275
1846,2017-01-01,Texas,493
1847,2017-01-01,Utah,524
1848,2017-01-01,Vermont,458
1849,2017-01-01,Virgin Islands,480
1850,2017-01-01,Virginia,378
1851,2017-01-01,Washington,681
1852,2017-01-01,West Virginia,424
1853,2017-01-01,Wisconsin,370
1854,2017-01-01,Wyoming,489
1855,2017-07-01,Alabama,265
1856,2017-07-01,Alaska,370
1857,2017-07-01,Arizona,240
1858,2017-07-01,Arkansas,451
1859,2017-07-01,California,450
1860,2017-07-01,Colorado,520
1861,2017-07-01,Connecticut,616
1862,2017-07-01,Delaware,330
1863,2017-07-01,District of Columbia,425
1864,2017-07-01,Florida,275
1865,2017-07-01,Georgia,330
1866,2017-07-01,Hawaii,592
1867,2017-07-01,Idaho,405
1868,2017-07-01,Illinois,449
1869,2017-07-01,Indiana,390
1870,2017-07-01,Iowa,455
1871,2017-07-01,Kansas,474
1872,2017-07-01,Kentucky,448
1873,2017-07-01,Louisiana,247
1874,2017-07-01,Maine,418
1875,2017-07-01,Maryland,430
1876,2017-07-01,Massachusetts,742
1877,2017-07-01,Michigan,362
1878,2017-07-01,Minnesota,440
1879,2017-07-01,Mississippi,235
1880,2017-07-01,Missouri,320
1881,2017-07-01,Montana,518
1882,2017-07-01,Nebraska,408
1883,2017-07-01,Nevada,439
1884,2017-07-01,New Hampshire,427
1885,2017-07-01,New Jersey,677
1886,2017-07-01,New Mexico,425
1887,2017-07-01,New York,430
1888,2017-07-01,North Carolina,350
1889,2017-07-01,North Dakota,606
1890,2017-07-01,Ohio,443
1891,2017-07-01,Oklahoma,510
1892,2017-07-01,Oregon,604
1893,2017-07-01,Pennsylvania,561
1894,2017-07-01,Puerto Rico,133
1895,2017-07-01,Rhode Island,566
1896,2017-07-01,South Carolina,326
1897,2017-07-01,South Dakota,390
1898,2017-07-01,Tennessee,275
1899,2017-07-01,Texas,493
1900,2017-07-01,Utah,524
1901,2017-07-01,Vermont,466
1902,2017-07-01,Virgin Islands,490
1903,2017-07-01,Virginia,378
1904,2017-07-01,Washington,713
1905,2017-07-01,West Virginia,424
1906,2017-07-01,Wisconsin,370
1907,2017-07-01,Wyoming,475
1908,2018-01-01,Alabama,265
1909,2018-01-01,Alaska,370
1910,2018-01-01,Arizona,240
1911,2018-01-01,Arkansas,451
1912,2018-01-01,California,450
1913,2018-01-01,Colorado,520
1914,2018-01-01,Connecticut,613
1915,2018-01-01,Delaware,330
1916,2018-01-01,District of Columbia,432
1917,2018-01-01,Florida,275
1918,2018-01-01,Georgia,330
1919,2018-01-01,Hawaii,619
1920,2018-01-01,Idaho,405
1921,2018-01-01,Illinois,458
1922,2018-01-01,Indiana,390
1923,2018-01-01,Iowa,455
1924,2018-01-01,Kansas,474
1925,2018-01-01,Kentucky,448
1926,2018-01-01,Louisiana,247
1927,2018-01-01,Maine,418
1928,2018-01-01,Maryland,430
1929,2018-01-01,Massachusetts,769
1930,2018-01-01,Michigan,362
1931,2018-01-01,Minnesota,447
1932,2018-01-01,Mississippi,235
1933,2018-01-01,Missouri,320
1934,2018-01-01,Montana,518
1935,2018-01-01,Nebraska,414
1936,2018-01-01,Nevada,439
1937,2018-01-01,New Hampshire,427
1938,2018-01-01,New Jersey,681
1939,2018-01-01,New Mexico,433
1940,2018-01-01,New York,430
1941,2018-01-01,North Carolina,350
1942,2018-01-01,North Dakota,606
1943,2018-01-01,Ohio,443
1944,2018-01-01,Oklahoma,506
1945,2018-01-01,Oregon,604
1946,2018-01-01,Pennsylvania,561
1947,2018-01-01,Puerto Rico,133
1948,2018-01-01,Rhode Island,566
1949,2018-01-01,South Carolina,326
1950,2018-01-01,South Dakota,390
1951,2018-01-01,Tennessee,275
1952,2018-01-01,Texas,494
1953,2018-01-01,Utah,543
1954,2018-01-01,Vermont,466
1955,2018-01-01,Virgin Islands,505
1956,2018-01-01,Virginia,378
1957,2018-01-01,Washington,713
1958,2018-01-01,West Virginia,424
1959,2018-01-01,Wisconsin,370
1960,2018-01-01,Wyoming,475
1961,2018-07-01,Alabama,265
1962,2018-07-01,Alaska,370
1963,2018-07-01,Arizona,240
1964,2018-07-01,Arkansas,451
1965,2018-07-01,California,450
1966,2018-07-01,Colorado,542
1967,2018-07-01,Connecticut,613
1968,2018-07-01,Delaware,330
1969,2018-07-01,District of Columbia,432
1970,2018-07-01,Florida,275
1971,2018-07-01,Georgia,330
1972,2018-07-01,Hawaii,619
1973,2018-07-01,Idaho,414
1974,2018-07-01,Illinois,458
1975,2018-07-01,Indiana,390
1976,2018-07-01,Iowa,455
1977,2018-07-01,Kansas,474
1978,2018-07-01,Kentucky,502
1979,2018-07-01,Louisiana,247
1980,2018-07-01,Maine,431
1981,2018-07-01,Maryland,430
1982,2018-07-01,Massachusetts,769
1983,2018-07-01,Michigan,362
1984,2018-07-01,Minnesota,447
1985,2018-07-01,Mississippi,235
1986,2018-07-01,Missouri,320
1987,2018-07-01,Montana,527
1988,2018-07-01,Nebraska,414
1989,2018-07-01,Nevada,439
1990,2018-07-01,New Hampshire,427
1991,2018-07-01,New Jersey,681
1992,2018-07-01,New Mexico,433
1993,2018-07-01,New York,435
1994,2018-07-01,North Carolina,350
1995,2018-07-01,North Dakota,595
1996,2018-07-01,Ohio,443
1997,2018-07-01,Oklahoma,506
1998,2018-07-01,Oregon,604
1999,2018-07-01,Pennsylvania,561
2000,2018-07-01,Puerto Rico,133
2001,2018-07-01,Rhode Island,576
2002,2018-07-01,South Carolina,326
2003,2018-07-01,South Dakota,402
2004,2018-07-01,Tennessee,275
2005,2018-07-01,Texas,494
2006,2018-07-01,Utah,543
2007,2018-07-01,Vermont,466
2008,2018-07-01,Virgin Islands,505
2009,2018-07-01,Virginia,378
2010,2018-07-01,Washington,713
2011,2018-07-01,West Virginia,424
2012,2018-07-01,Wisconsin,370
2013,2018-07-01,Wyoming,489
2014,2019-01-01,Alabama,265
2015,2019-01-01,Alaska,370
2016,2019-01-01,Arizona,240
2017,2019-01-01,Arkansas,451
2018,2019-01-01,California,450
2019,2019-01-01,Colorado,542
2020,2019-01-01,Connecticut,631
2021,2019-01-01,Delaware,330
2022,2019-01-01,District of Columbia,438
2023,2019-01-01,Florida,275
2024,2019-01-01,Georgia,330
2025,2019-01-01,Hawaii,630
2026,2019-01-01,Idaho,414
2027,2019-01-01,Illinois,471
2028,2019-01-01,Indiana,390
2029,2019-01-01,Iowa,467
2030,2019-01-01,Kansas,474
2031,2019-01-01,Kentucky,502
2032,2019-01-01,Louisiana,247
2033,2019-01-01,Maine,431
2034,2019-01-01,Maryland,430
2035,2019-01-01,Massachusetts,795
2036,2019-01-01,Michigan,362
2037,2019-01-01,Minnesota,462
2038,2019-01-01,Mississippi,235
2039,2019-01-01,Missouri,320
2040,2019-01-01,Montana,527
2041,2019-01-01,Nebraska,426
2042,2019-01-01,Nevada,450
2043,2019-01-01,New Hampshire,427
2044,2019-01-01,New Jersey,696
2045,2019-01-01,New Mexico,442
2046,2019-01-01,New York,450
2047,2019-01-01,North Carolina,350
2048,2019-01-01,North Dakota,595
2049,2019-01-01,Ohio,443
2050,2019-01-01,Oklahoma,520
2051,2019-01-01,Oregon,624
2052,2019-01-01,Pennsylvania,561
2053,2019-01-01,Puerto Rico,133
2054,2019-01-01,Rhode Island,576
2055,2019-01-01,South Carolina,326
2056,2019-01-01,South Dakota,402
2057,2019-01-01,Tennessee,275
2058,2019-01-01,Texas,494
2059,2019-01-01,Utah,560
2060,2019-01-01,Vermont,498
2061,2019-01-01,Virgin Islands,552
2062,2019-01-01,Virginia,378
2063,2019-01-01,Washington,749
2064,2019-01-01,West Virginia,424
2065,2019-01-01,Wisconsin,370
2066,2019-01-01,Wyoming,489
2067,2019-07-01,Alabama,265
2068,2019-07-01,Alaska,370
2069,2019-07-01,Arizona,240
2070,2019-07-01,Arkansas,451
2071,2019-07-01,California,450
2072,2019-07-01,Colorado,561
2073,2019-07-01,Connecticut,631
2074,2019-07-01,Delaware,400
2075,2019-07-01,District of Columbia,432
2076,2019-07-01,Florida,275
2077,2019-07-01,Georgia,365
2078,2019-07-01,Hawaii,630
2079,2019-07-01,Idaho,432
2080,2019-07-01,Illinois,471
2081,2019-07-01,Indiana,390
2082,2019-07-01,Iowa,481
2083,2019-07-01,Kansas,488
2084,2019-07-01,Kentucky,552
2085,2019-07-01,Louisiana,247
2086,2019-07-01,Maine,445
2087,2019-07-01,Maryland,430
2088,2019-07-01,Massachusetts,795
2089,2019-07-01,Michigan,362
2090,2019-07-01,Minnesota,462
2091,2019-07-01,Mississippi,235
2092,2019-07-01,Missouri,320
2093,2019-07-01,Montana,552
2094,2019-07-01,Nebraska,426
2095,2019-07-01,Nevada,469
2096,2019-07-01,New Hampshire,427
2097,2019-07-01,New Jersey,696
2098,2019-07-01,New Mexico,442
2099,2019-07-01,New York,450
2100,2019-07-01,North Carolina,350
2101,2019-07-01,North Dakota,618
2102,2019-07-01,Ohio,443
2103,2019-07-01,Oklahoma,520
2104,2019-07-01,Oregon,648
2105,2019-07-01,Pennsylvania,561
2106,2019-07-01,Puerto Rico,190
2107,2019-07-01,Rhode Island,586
2108,2019-07-01,South Carolina,326
2109,2019-07-01,South Dakota,414
2110,2019-07-01,Tennessee,275
2111,2019-07-01,Texas,507
2112,2019-07-01,Utah,560
2113,2019-07-01,Vermont,513
2114,2019-07-01,Virgin Islands,552
2115,2019-07-01,Virginia,378
2116,2019-07-01,Washington,790
2117,2019-07-01,West Virginia,424
2118,2019-07-01,Wisconsin,370
2119,2019-07-01,Wyoming,508
2120,2020-01-01,Alabama,275
2121,2020-01-01,Alaska,370
2122,2020-01-01,Arizona,240
2123,2020-01-01,Arkansas,451
2124,2020-01-01,California,450
2125,2020-01-01,Colorado,561
2126,2020-01-01,Connecticut,649
2127,2020-01-01,Delaware,400
2128,2020-01-01,District of Columbia,444
2129,2020-01-01,Florida,275
2130,2020-01-01,Georgia,365
2131,2020-01-01,Hawaii,648
2132,2020-01-01,Idaho,448
2133,2020-01-01,Illinois,484
2134,2020-01-01,Indiana,390
2135,2020-01-01,Iowa,481
2136,2020-01-01,Kansas,488
2137,2020-01-01,Kentucky,552
2138,2020-01-01,Louisiana,247
2139,2020-01-01,Maine,445
2140,2020-01-01,Maryland,430
2141,2020-01-01,Massachusetts,823
2142,2020-01-01,Michigan,362
2143,2020-01-01,Minnesota,462
2144,2020-01-01,Mississippi,235
2145,2020-01-01,Missouri,320
2146,2020-01-01,Montana,552
2147,2020-01-01,Nebraska,440
2148,2020-01-01,Nevada,469
2149,2020-01-01,New Hampshire,427
2150,2020-01-01,New Jersey,713
2151,2020-01-01,New Mexico,461
2152,2020-01-01,New York,504
2153,2020-01-01,North Carolina,350
2154,2020-01-01,North Dakota,618
2155,2020-01-01,Ohio,480
2156,2020-01-01,Oklahoma,539
2157,2020-01-01,Oregon,648
2158,2020-01-01,Pennsylvania,572
2159,2020-01-01,Puerto Rico,190
2160,2020-01-01,Rhode Island,586
2161,2020-01-01,South Carolina,326
2162,2020-01-01,South Dakota,414
2163,2020-01-01,Tennessee,275
2164,2020-01-01,Texas,521
2165,2020-01-01,Utah,580
2166,2020-01-01,Vermont,513
2167,2020-01-01,Virgin Islands,602
2168,2020-01-01,Virginia,378
2169,2020-01-01,Washington,790
2170,2020-01-01,West Virginia,424
2171,2020-01-01,Wisconsin,370
2172,2020-01-01,Wyoming,508
2173,2020-07-01,Alabama,275
2174,2020-07-01,Alaska,370
2175,2020-07-01,Arizona,240
2176,2020-07-01,Arkansas,451
2177,2020-07-01,California,450
2178,2020-07-01,Colorado,590
2179,2020-07-01,Connecticut,649
2180,2020-07-01,Delaware,400
2181,2020-07-01,District of Columbia,444
2182,2020-07-01,Florida,275
2183,2020-07-01,Georgia,365
2184,2020-07-01,Hawaii,648
2185,2020-07-01,Idaho,448
2186,2020-07-01,Illinois,484
2187,2020-07-01,Indiana,390
2188,2020-07-01,Iowa,493
2189,2020-07-01,Kansas,503
2190,2020-07-01,Kentucky,569
2191,2020-07-01,Louisiana,247
2192,2020-07-01,Maine,462
2193,2020-07-01,Maryland,430
2194,2020-07-01,Massachusetts,823
2195,2020-07-01,Michigan,362
2196,2020-07-01,Minnesota,462
2197,2020-07-01,Mississippi,235
2198,2020-07-01,Missouri,320
2199,2020-07-01,Montana,572
2200,2020-07-01,Nebraska,440
2201,2020-07-01,Nevada,483
2202,2020-07-01,New Hampshire,427
2203,2020-07-01,New Jersey,713
2204,2020-07-01,New Mexico,461
2205,2020-07-01,New York,504
2206,2020-07-01,North Carolina,350
2207,2020-07-01,North Dakota,640
2208,2020-07-01,Ohio,480
2209,2020-07-01,Oklahoma,539
2210,2020-07-01,Oregon,673
2211,2020-07-01,Pennsylvania,572
2212,2020-07-01,Puerto Rico,240
2213,2020-07-01,Rhode Island,599
2214,2020-07-01,South Carolina,326
2215,2020-07-01,South Dakota,428
2216,2020-07-01,Tennessee,275
2217,2020-07-01,Texas,521
2218,2020-07-01,Utah,580
2219,2020-07-01,Vermont,531
2220,2020-07-01,Virgin Islands,602
2221,2020-07-01,Virginia,378
2222,2020-07-01,Washington,844
2223,2020-07-01,West Virginia,424
2224,2020-07-01,Wisconsin,370
2225,2020-07-01,Wyoming,526
2226,2021-01-01,Alabama,275
2227,2021-01-01,Alaska,370
2228,2021-01-01,Arizona,240
2229,2021-01-01,Arkansas,451
2230,2021-01-01,California,450
2231,2021-01-01,Colorado,590
2232,2021-01-01,Connecticut,667
2233,2021-01-01,Delaware,400
2234,2021-01-01,District of Columbia,444
2235,2021-01-01,Florida,275
2236,2021-01-01,Georgia,365
2237,2021-01-01,Hawaii,639
2238,2021-01-01,Idaho,463
2239,2021-01-01,Illinois,505
2240,2021-01-01,Indiana,390
2241,2021-01-01,Iowa,493
2242,2021-01-01,Kansas,503
2243,2021-01-01,Kentucky,569
2244,2021-01-01,Louisiana,247
2245,2021-01-01,Maine,462
2246,2021-01-01,Maryland,430
2247,2021-01-01,Massachusetts,855
2248,2021-01-01,Michigan,362
2249,2021-01-01,Minnesota,491
2250,2021-01-01,Mississippi,235
2251,2021-01-01,Missouri,320
2252,2021-01-01,Montana,572
2253,2021-01-01,Nebraska,456
2254,2021-01-01,Nevada,483
2255,2021-01-01,New Hampshire,427
2256,2021-01-01,New Jersey,731
2257,2021-01-01,New Mexico,484
2258,2021-01-01,New York,504
2259,2021-01-01,North Carolina,350
2260,2021-01-01,North Dakota,640
2261,2021-01-01,Ohio,498
2262,2021-01-01,Oklahoma,461
2263,2021-01-01,Oregon,673
2264,2021-01-01,Pennsylvania,583
2265,2021-01-01,Puerto Rico,240
2266,2021-01-01,Rhode Island,599
2267,2021-01-01,South Carolina,326
2268,2021-01-01,South Dakota,428
2269,2021-01-01,Tennessee,275
2270,2021-01-01,Texas,535
2271,2021-01-01,Utah,617
2272,2021-01-01,Vermont,531
2273,2021-01-01,Virgin Islands,677
2274,2021-01-01,Virginia,378
2275,2021-01-01,Washington,844
2276,2021-01-01,West Virginia,424
2277,2021-01-01,Wisconsin,370
2278,2021-01-01,Wyoming,526
2279,2021-07-01,Alabama,275
2280,2021-07-01,Alaska,370
2281,2021-07-01,Arizona,240
2282,2021-07-01,Arkansas,451
2283,2021-07-01,California,450
2284,2021-07-01,Colorado,636
2285,2021-07-01,Connecticut,667
2286,2021-07-01,Delaware,400
2287,2021-07-01,District of Columbia,444
2288,2021-07-01,Florida,275
2289,2021-07-01,Georgia,365
2290,2021-07-01,Hawaii,639
2291,2021-07-01,Idaho,463
2292,2021-07-01,Illinois,505
2293,2021-07-01,Indiana,390
2294,2021-07-01,Iowa,531
2295,2021-07-01,Kansas,540
2296,2021-07-01,Kentucky,569
2297,2021-07-01,Louisiana,247
2298,2021-07-01,Maine,511
2299,2021-07-01,Maryland,430
2300,2021-07-01,Massachusetts,855
2301,2021-07-01,Michigan,362
2302,2021-07-01,Minnesota,491
2303,2021-07-01,Mississippi,235
2304,2021-07-01,Missouri,320
2305,2021-07-01,Montana,618
2306,2021-07-01,Nebraska,456
2307,2021-07-01,Nevada,533
2308,2021-07-01,New Hampshire,427
2309,2021-07-01,New Jersey,731
2310,2021-07-01,New Mexico,484
2311,2021-07-01,New York,504
2312,2021-07-01,North Carolina,350
2313,2021-07-01,North Dakota,657
2314,2021-07-01,Ohio,498
2315,2021-07-01,Oklahoma,461
2316,2021-07-01,Oregon,733
2317,2021-07-01,Pennsylvania,583
2318,2021-07-01,Puerto Rico,240
2319,2021-07-01,Rhode Island,661
2320,2021-07-01,South Carolina,326
2321,2021-07-01,South Dakota,466
2322,2021-07-01,Tennessee,275
2323,2021-07-01,Texas,535
2324,2021-07-01,Utah,617
2325,2021-07-01,Vermont,583
2326,2021-07-01,Virgin Islands,677
2327,2021-07-01,Virginia,378
2328,2021-07-01,Washington,929
2329,2021-07-01,West Virginia,424
2330,2021-07-01,Wisconsin,370
2331,2021-07-01,Wyoming,533
