,State,date,weekly_benefit_amounts
0,Alabama,2020-01-01,237.56
1,Alaska,2020-01-01,275.62
2,Arizona,2020-01-01,234.04
3,Arkansas,2020-01-01,277.7
4,California,2020-01-01,341.65
5,Colorado,2020-01-01,457.43
6,Connecticut,2020-01-01,424.27
7,Delaware,2020-01-01,291.34
8,District of Columbia,2020-01-01,359.83
9,Florida,2020-01-01,253.7
10,Georgia,2020-01-01,318.41
11,Hawaii,2020-01-01,540.98
12,Idaho,2020-01-01,349.25
13,Illinois,2020-01-01,419.42
14,Indiana,2020-01-01,307.3
15,Iowa,2020-01-01,426.64
16,Kansas,2020-01-01,401.9
17,Kentucky,2020-01-01,377.45
18,Louisiana,2020-01-01,218.91
19,Maine,2020-01-01,355.11
20,Maryland,2020-01-01,353.36
21,Massachusetts,2020-01-01,545.98
22,Michigan,2020-01-01,331.07
23,Minnesota,2020-01-01,487.69
24,Mississippi,2020-01-01,213.15
25,Missouri,2020-01-01,267.83
26,Montana,2020-01-01,400.6
27,Nebraska,2020-01-01,360.15
28,Nevada,2020-01-01,378.49
29,New Hampshire,2020-01-01,333.42
30,New Jersey,2020-01-01,470.88
31,New Mexico,2020-01-01,347.47
32,New York,2020-01-01,388.6
33,North Carolina,2020-01-01,272.41
34,North Dakota,2020-01-01,485.79
35,Ohio,2020-01-01,387.13
36,Oklahoma,2020-01-01,408.13
37,Oregon,2020-01-01,422.49
38,Pennsylvania,2020-01-01,405.77
39,Puerto Rico,2020-01-01,162.57
40,Rhode Island,2020-01-01,383.46
41,South Carolina,2020-01-01,257.56
42,South Dakota,2020-01-01,361.02
43,Tennessee,2020-01-01,241.32
44,Texas,2020-01-01,434.23
45,Utah,2020-01-01,428.73
46,Vermont,2020-01-01,400.76
47,Virgin Islands,2020-01-01,417.86
48,Virginia,2020-01-01,312.8
49,Washington,2020-01-01,488.15
50,West Virginia,2020-01-01,341.01
51,Wisconsin,2020-01-01,331.33
52,Wyoming,2020-01-01,416.76
53,US,2020-01-01,384.94
54,Alabama,2020-02-01,242.67
55,Alaska,2020-02-01,272.65
56,Arizona,2020-02-01,234.35
57,Arkansas,2020-02-01,283.32
58,California,2020-02-01,338.9
59,Colorado,2020-02-01,459.64
60,Connecticut,2020-02-01,425.19
61,Delaware,2020-02-01,298.45
62,District of Columbia,2020-02-01,360.69
63,Florida,2020-02-01,254.21
64,Georgia,2020-02-01,318.9
65,Hawaii,2020-02-01,543.06
66,Idaho,2020-02-01,354.09
67,Illinois,2020-02-01,426.73
68,Indiana,2020-02-01,305.09
69,Iowa,2020-02-01,428.79
70,Kansas,2020-02-01,404.24
71,Kentucky,2020-02-01,383.57
72,Louisiana,2020-02-01,220.4
73,Maine,2020-02-01,356.95
74,Maryland,2020-02-01,357.78
75,Massachusetts,2020-02-01,549.63
76,Michigan,2020-02-01,329.75
77,Minnesota,2020-02-01,487.56
78,Mississippi,2020-02-01,214.71
79,Missouri,2020-02-01,272.71
80,Montana,2020-02-01,397.14
81,Nebraska,2020-02-01,365.55
82,Nevada,2020-02-01,378.31
83,New Hampshire,2020-02-01,339.17
84,New Jersey,2020-02-01,474.35
85,New Mexico,2020-02-01,350.5
86,New York,2020-02-01,390.07
87,North Carolina,2020-02-01,271.71
88,North Dakota,2020-02-01,485.84
89,Ohio,2020-02-01,394.42
90,Oklahoma,2020-02-01,409.15
91,Oregon,2020-02-01,419.62
92,Pennsylvania,2020-02-01,413.43
93,Puerto Rico,2020-02-01,161.0
94,Rhode Island,2020-02-01,387.99
95,South Carolina,2020-02-01,262.11
96,South Dakota,2020-02-01,365.96
97,Tennessee,2020-02-01,241.23
98,Texas,2020-02-01,437.6
99,Utah,2020-02-01,429.5
100,Vermont,2020-02-01,409.4
101,Virgin Islands,2020-02-01,433.36
102,Virginia,2020-02-01,318.85
103,Washington,2020-02-01,480.75
104,West Virginia,2020-02-01,339.6
105,Wisconsin,2020-02-01,337.25
106,Wyoming,2020-02-01,418.32
107,US,2020-02-01,386.68
108,Alabama,2020-03-01,248.65
109,Alaska,2020-03-01,273.14
110,Arizona,2020-03-01,234.38
111,Arkansas,2020-03-01,271.47
112,California,2020-03-01,336.78
113,Colorado,2020-03-01,455.64
114,Connecticut,2020-03-01,405.97
115,Delaware,2020-03-01,289.62
116,District of Columbia,2020-03-01,366.26
117,Florida,2020-03-01,254.57
118,Georgia,2020-03-01,297.62
119,Hawaii,2020-03-01,542.52
120,Idaho,2020-03-01,343.6
121,Illinois,2020-03-01,418.56
122,Indiana,2020-03-01,296.82
123,Iowa,2020-03-01,417.96
124,Kansas,2020-03-01,393.05
125,Kentucky,2020-03-01,388.34
126,Louisiana,2020-03-01,210.62
127,Maine,2020-03-01,349.92
128,Maryland,2020-03-01,352.62
129,Massachusetts,2020-03-01,557.19
130,Michigan,2020-03-01,326.15
131,Minnesota,2020-03-01,452.18
132,Mississippi,2020-03-01,211.92
133,Missouri,2020-03-01,269.39
134,Montana,2020-03-01,388.88
135,Nebraska,2020-03-01,352.92
136,Nevada,2020-03-01,371.43
137,New Hampshire,2020-03-01,307.27
138,New Jersey,2020-03-01,460.6
139,New Mexico,2020-03-01,344.58
140,New York,2020-03-01,382.71
141,North Carolina,2020-03-01,268.2
142,North Dakota,2020-03-01,481.45
143,Ohio,2020-03-01,378.76
144,Oklahoma,2020-03-01,389.99
145,Oregon,2020-03-01,416.74
146,Pennsylvania,2020-03-01,410.47
147,Puerto Rico,2020-03-01,162.05
148,Rhode Island,2020-03-01,352.04
149,South Carolina,2020-03-01,263.52
150,South Dakota,2020-03-01,362.4
151,Tennessee,2020-03-01,242.03
152,Texas,2020-03-01,426.7
153,Utah,2020-03-01,426.27
154,Vermont,2020-03-01,396.79
155,Virgin Islands,2020-03-01,448.17
156,Virginia,2020-03-01,300.76
157,Washington,2020-03-01,464.5
158,West Virginia,2020-03-01,325.34
159,Wisconsin,2020-03-01,326.95
160,Wyoming,2020-03-01,414.18
161,US,2020-03-01,377.93
162,Alabama,2020-04-01,254.95
163,Alaska,2020-04-01,257.87
164,Arizona,2020-04-01,239.04
165,Arkansas,2020-04-01,236.8
166,California,2020-04-01,314.88
167,Colorado,2020-04-01,391.25
168,Connecticut,2020-04-01,294.87
169,Delaware,2020-04-01,272.02
170,District of Columbia,2020-04-01,369.33
171,Florida,2020-04-01,239.39
172,Georgia,2020-04-01,269.09
173,Hawaii,2020-04-01,506.29
174,Idaho,2020-04-01,303.09
175,Illinois,2020-04-01,357.34
176,Indiana,2020-04-01,272.72
177,Iowa,2020-04-01,340.4
178,Kansas,2020-04-01,360.62
179,Kentucky,2020-04-01,356.64
180,Louisiana,2020-04-01,195.32
181,Maine,2020-04-01,333.15
182,Maryland,2020-04-01,333.02
183,Massachusetts,2020-04-01,531.09
184,Michigan,2020-04-01,332.51
185,Minnesota,2020-04-01,383.56
186,Mississippi,2020-04-01,206.18
187,Missouri,2020-04-01,251.75
188,Montana,2020-04-01,367.68
189,Nebraska,2020-04-01,301.99
190,Nevada,2020-04-01,358.58
191,New Hampshire,2020-04-01,263.9
192,New Jersey,2020-04-01,430.8
193,New Mexico,2020-04-01,314.11
194,New York,2020-04-01,361.59
195,North Carolina,2020-04-01,242.44
196,North Dakota,2020-04-01,391.79
197,Ohio,2020-04-01,340.85
198,Oklahoma,2020-04-01,336.34
199,Oregon,2020-04-01,443.25
200,Pennsylvania,2020-04-01,359.95
201,Puerto Rico,2020-04-01,415.31
202,Rhode Island,2020-04-01,327.93
203,South Carolina,2020-04-01,254.05
204,South Dakota,2020-04-01,292.17
205,Tennessee,2020-04-01,227.99
206,Texas,2020-04-01,358.22
207,Utah,2020-04-01,343.87
208,Vermont,2020-04-01,311.71
209,Virgin Islands,2020-04-01,408.84
210,Virginia,2020-04-01,271.66
211,Washington,2020-04-01,447.51
212,West Virginia,2020-04-01,257.36
213,Wisconsin,2020-04-01,297.29
214,Wyoming,2020-04-01,374.72
215,US,2020-04-01,334.26
216,Alabama,2020-05-01,249.76
217,Alaska,2020-05-01,248.12
218,Arizona,2020-05-01,240.68
219,Arkansas,2020-05-01,219.86
220,California,2020-05-01,305.82
221,Colorado,2020-05-01,375.25
222,Connecticut,2020-05-01,322.22
223,Delaware,2020-05-01,254.23
224,District of Columbia,2020-05-01,358.36
225,Florida,2020-05-01,237.7
226,Georgia,2020-05-01,265.56
227,Hawaii,2020-05-01,466.14
228,Idaho,2020-05-01,287.42
229,Illinois,2020-05-01,333.48
230,Indiana,2020-05-01,230.12
231,Iowa,2020-05-01,327.79
232,Kansas,2020-05-01,344.13
233,Kentucky,2020-05-01,332.16
234,Louisiana,2020-05-01,186.59
235,Maine,2020-05-01,335.08
236,Maryland,2020-05-01,322.1
237,Massachusetts,2020-05-01,444.96
238,Michigan,2020-05-01,317.95
239,Minnesota,2020-05-01,374.58
240,Mississippi,2020-05-01,192.83
241,Missouri,2020-05-01,246.45
242,Montana,2020-05-01,341.37
243,Nebraska,2020-05-01,339.11
244,Nevada,2020-05-01,354.7
245,New Hampshire,2020-05-01,253.57
246,New Jersey,2020-05-01,419.1
247,New Mexico,2020-05-01,312.96
248,New York,2020-05-01,347.64
249,North Carolina,2020-05-01,223.21
250,North Dakota,2020-05-01,406.57
251,Ohio,2020-05-01,334.0
252,Oklahoma,2020-05-01,338.77
253,Oregon,2020-05-01,360.61
254,Pennsylvania,2020-05-01,344.86
255,Puerto Rico,2020-05-01,160.54
256,Rhode Island,2020-05-01,317.88
257,South Carolina,2020-05-01,246.6
258,South Dakota,2020-05-01,275.33
259,Tennessee,2020-05-01,269.06
260,Texas,2020-05-01,351.18
261,Utah,2020-05-01,343.05
262,Vermont,2020-05-01,348.51
263,Virgin Islands,2020-05-01,359.33
264,Virginia,2020-05-01,260.64
265,Washington,2020-05-01,497.4
266,West Virginia,2020-05-01,242.81
267,Wisconsin,2020-05-01,289.77
268,Wyoming,2020-05-01,378.37
269,US,2020-05-01,319.43
270,Alabama,2020-06-01,245.53
271,Alaska,2020-06-01,244.9
272,Arizona,2020-06-01,241.15
273,Arkansas,2020-06-01,213.88
274,California,2020-06-01,286.86
275,Colorado,2020-06-01,365.59
276,Connecticut,2020-06-01,298.29
277,Delaware,2020-06-01,240.24
278,District of Columbia,2020-06-01,353.01
279,Florida,2020-06-01,233.45
280,Georgia,2020-06-01,263.3
281,Hawaii,2020-06-01,456.19
282,Idaho,2020-06-01,286.26
283,Illinois,2020-06-01,319.86
284,Indiana,2020-06-01,221.9
285,Iowa,2020-06-01,315.08
286,Kansas,2020-06-01,337.27
287,Kentucky,2020-06-01,296.29
288,Louisiana,2020-06-01,182.81
289,Maine,2020-06-01,303.85
290,Maryland,2020-06-01,310.95
291,Massachusetts,2020-06-01,425.55
292,Michigan,2020-06-01,307.01
293,Minnesota,2020-06-01,373.19
294,Mississippi,2020-06-01,187.07
295,Missouri,2020-06-01,241.65
296,Montana,2020-06-01,331.31
297,Nebraska,2020-06-01,279.8
298,Nevada,2020-06-01,353.63
299,New Hampshire,2020-06-01,239.67
300,New Jersey,2020-06-01,405.46
301,New Mexico,2020-06-01,316.87
302,New York,2020-06-01,337.0
303,North Carolina,2020-06-01,219.54
304,North Dakota,2020-06-01,426.29
305,Ohio,2020-06-01,327.39
306,Oklahoma,2020-06-01,347.47
307,Oregon,2020-06-01,361.78
308,Pennsylvania,2020-06-01,332.38
309,Puerto Rico,2020-06-01,158.76
310,Rhode Island,2020-06-01,311.29
311,South Carolina,2020-06-01,234.37
312,South Dakota,2020-06-01,280.52
313,Tennessee,2020-06-01,215.38
314,Texas,2020-06-01,353.15
315,Utah,2020-06-01,347.8
316,Vermont,2020-06-01,334.98
317,Virgin Islands,2020-06-01,351.41
318,Virginia,2020-06-01,254.63
319,Washington,2020-06-01,413.47
320,West Virginia,2020-06-01,236.7
321,Wisconsin,2020-06-01,290.03
322,Wyoming,2020-06-01,395.47
323,US,2020-06-01,305.91
324,Alabama,2020-07-01,260.09
325,Alaska,2020-07-01,243.45
326,Arizona,2020-07-01,240.68
327,Arkansas,2020-07-01,221.24
328,California,2020-07-01,282.37
329,Colorado,2020-07-01,365.04
330,Connecticut,2020-07-01,314.18
331,Delaware,2020-07-01,236.64
332,District of Columbia,2020-07-01,351.14
333,Florida,2020-07-01,235.34
334,Georgia,2020-07-01,256.61
335,Hawaii,2020-07-01,450.96
336,Idaho,2020-07-01,297.86
337,Illinois,2020-07-01,316.14
338,Indiana,2020-07-01,
339,Iowa,2020-07-01,328.7
340,Kansas,2020-07-01,341.1
341,Kentucky,2020-07-01,282.55
342,Louisiana,2020-07-01,180.68
343,Maine,2020-07-01,294.53
344,Maryland,2020-07-01,308.98
345,Massachusetts,2020-07-01,401.55
346,Michigan,2020-07-01,301.65
347,Minnesota,2020-07-01,376.66
348,Mississippi,2020-07-01,182.44
349,Missouri,2020-07-01,240.32
350,Montana,2020-07-01,332.02
351,Nebraska,2020-07-01,273.9
352,Nevada,2020-07-01,369.42
353,New Hampshire,2020-07-01,255.15
354,New Jersey,2020-07-01,402.82
355,New Mexico,2020-07-01,319.88
356,New York,2020-07-01,331.1
357,North Carolina,2020-07-01,218.2
358,North Dakota,2020-07-01,441.74
359,Ohio,2020-07-01,324.06
360,Oklahoma,2020-07-01,322.29
361,Oregon,2020-07-01,354.7
362,Pennsylvania,2020-07-01,334.6
363,Puerto Rico,2020-07-01,170.75
364,Rhode Island,2020-07-01,310.88
365,South Carolina,2020-07-01,230.64
366,South Dakota,2020-07-01,284.78
367,Tennessee,2020-07-01,210.44
368,Texas,2020-07-01,353.57
369,Utah,2020-07-01,350.48
370,Vermont,2020-07-01,330.07
371,Virgin Islands,2020-07-01,356.95
372,Virginia,2020-07-01,257.49
373,Washington,2020-07-01,417.35
374,West Virginia,2020-07-01,236.25
375,Wisconsin,2020-07-01,285.81
376,Wyoming,2020-07-01,410.27
377,US,2020-07-01,306.03
378,Alabama,2020-08-01,250.77
379,Alaska,2020-08-01,443.23
380,Arizona,2020-08-01,237.99
381,Arkansas,2020-08-01,223.84
382,California,2020-08-01,282.35
383,Colorado,2020-08-01,371.47
384,Connecticut,2020-08-01,289.09
385,Delaware,2020-08-01,238.98
386,District of Columbia,2020-08-01,348.75
387,Florida,2020-08-01,232.04
388,Georgia,2020-08-01,256.8
389,Hawaii,2020-08-01,449.2
390,Idaho,2020-08-01,306.11
391,Illinois,2020-08-01,313.12
392,Indiana,2020-08-01,
393,Iowa,2020-08-01,343.48
394,Kansas,2020-08-01,341.68
395,Kentucky,2020-08-01,319.88
396,Louisiana,2020-08-01,180.86
397,Maine,2020-08-01,294.53
398,Maryland,2020-08-01,305.52
399,Massachusetts,2020-08-01,396.96
400,Michigan,2020-08-01,297.61
401,Minnesota,2020-08-01,372.82
402,Mississippi,2020-08-01,184.37
403,Missouri,2020-08-01,238.5
404,Montana,2020-08-01,345.61
405,Nebraska,2020-08-01,290.86
406,Nevada,2020-08-01,333.17
407,New Hampshire,2020-08-01,260.53
408,New Jersey,2020-08-01,395.1
409,New Mexico,2020-08-01,315.11
410,New York,2020-08-01,333.83
411,North Carolina,2020-08-01,210.98
412,North Dakota,2020-08-01,463.06
413,Ohio,2020-08-01,320.75
414,Oklahoma,2020-08-01,336.19
415,Oregon,2020-08-01,362.93
416,Pennsylvania,2020-08-01,329.27
417,Puerto Rico,2020-08-01,183.18
418,Rhode Island,2020-08-01,311.44
419,South Carolina,2020-08-01,227.42
420,South Dakota,2020-08-01,292.32
421,Tennessee,2020-08-01,206.12
422,Texas,2020-08-01,360.39
423,Utah,2020-08-01,364.35
424,Vermont,2020-08-01,336.46
425,Virgin Islands,2020-08-01,373.69
426,Virginia,2020-08-01,268.11
427,Washington,2020-08-01,402.28
428,West Virginia,2020-08-01,233.05
429,Wisconsin,2020-08-01,285.41
430,Wyoming,2020-08-01,422.19
431,US,2020-08-01,305.39
432,Alabama,2020-09-01,257.61
433,Alaska,2020-09-01,291.86
434,Arizona,2020-09-01,234.06
435,Arkansas,2020-09-01,240.65
436,California,2020-09-01,282.47
437,Colorado,2020-09-01,382.6
438,Connecticut,2020-09-01,297.06
439,Delaware,2020-09-01,240.89
440,District of Columbia,2020-09-01,342.28
441,Florida,2020-09-01,222.91
442,Georgia,2020-09-01,255.24
443,Hawaii,2020-09-01,444.5
444,Idaho,2020-09-01,319.28
445,Illinois,2020-09-01,315.54
446,Indiana,2020-09-01,221.93
447,Iowa,2020-09-01,364.34
448,Kansas,2020-09-01,355.53
449,Kentucky,2020-09-01,281.36
450,Louisiana,2020-09-01,183.45
451,Maine,2020-09-01,296.1
452,Maryland,2020-09-01,309.88
453,Massachusetts,2020-09-01,406.04
454,Michigan,2020-09-01,385.83
455,Minnesota,2020-09-01,377.52
456,Mississippi,2020-09-01,186.93
457,Missouri,2020-09-01,240.08
458,Montana,2020-09-01,372.92
459,Nebraska,2020-09-01,307.73
460,Nevada,2020-09-01,358.52
461,New Hampshire,2020-09-01,272.34
462,New Jersey,2020-09-01,398.6
463,New Mexico,2020-09-01,314.74
464,New York,2020-09-01,333.37
465,North Carolina,2020-09-01,217.64
466,North Dakota,2020-09-01,479.06
467,Ohio,2020-09-01,324.21
468,Oklahoma,2020-09-01,327.19
469,Oregon,2020-09-01,367.43
470,Pennsylvania,2020-09-01,335.91
471,Puerto Rico,2020-09-01,187.02
472,Rhode Island,2020-09-01,320.27
473,South Carolina,2020-09-01,223.41
474,South Dakota,2020-09-01,310.59
475,Tennessee,2020-09-01,211.6
476,Texas,2020-09-01,372.38
477,Utah,2020-09-01,401.12
478,Vermont,2020-09-01,340.34
479,Virgin Islands,2020-09-01,366.84
480,Virginia,2020-09-01,278.28
481,Washington,2020-09-01,415.56
482,West Virginia,2020-09-01,236.06
483,Wisconsin,2020-09-01,288.06
484,Wyoming,2020-09-01,433.65
485,US,2020-09-01,311.59
486,Alabama,2020-10-01,266.61
487,Alaska,2020-10-01,293.54
488,Arizona,2020-10-01,233.35
489,Arkansas,2020-10-01,244.4
490,California,2020-10-01,281.01
491,Colorado,2020-10-01,381.31
492,Connecticut,2020-10-01,311.34
493,Delaware,2020-10-01,243.79
494,District of Columbia,2020-10-01,335.65
495,Florida,2020-10-01,225.06
496,Georgia,2020-10-01,253.72
497,Hawaii,2020-10-01,426.65
498,Idaho,2020-10-01,326.36
499,Illinois,2020-10-01,317.44
500,Indiana,2020-10-01,223.97
501,Iowa,2020-10-01,379.82
502,Kansas,2020-10-01,380.55
503,Kentucky,2020-10-01,286.7
504,Louisiana,2020-10-01,181.38
505,Maine,2020-10-01,297.34
506,Maryland,2020-10-01,310.2
507,Massachusetts,2020-10-01,431.29
508,Michigan,2020-10-01,316.55
509,Minnesota,2020-10-01,399.77
510,Mississippi,2020-10-01,186.64
511,Missouri,2020-10-01,243.59
512,Montana,2020-10-01,410.42
513,Nebraska,2020-10-01,317.55
514,Nevada,2020-10-01,378.83
515,New Hampshire,2020-10-01,274.72
516,New Jersey,2020-10-01,407.96
517,New Mexico,2020-10-01,321.75
518,New York,2020-10-01,332.12
519,North Carolina,2020-10-01,225.08
520,North Dakota,2020-10-01,486.88
521,Ohio,2020-10-01,336.42
522,Oklahoma,2020-10-01,334.3
523,Oregon,2020-10-01,375.21
524,Pennsylvania,2020-10-01,345.65
525,Puerto Rico,2020-10-01,588.86
526,Rhode Island,2020-10-01,345.81
527,South Carolina,2020-10-01,223.66
528,South Dakota,2020-10-01,316.48
529,Tennessee,2020-10-01,215.9
530,Texas,2020-10-01,384.22
531,Utah,2020-10-01,412.27
532,Vermont,2020-10-01,351.09
533,Virgin Islands,2020-10-01,384.27
534,Virginia,2020-10-01,283.2
535,Washington,2020-10-01,435.66
536,West Virginia,2020-10-01,251.12
537,Wisconsin,2020-10-01,291.67
538,Wyoming,2020-10-01,436.29
539,US,2020-10-01,316.25
540,Alabama,2020-11-01,263.31
541,Alaska,2020-11-01,300.39
542,Arizona,2020-11-01,233.83
543,Arkansas,2020-11-01,251.75
544,California,2020-11-01,288.68
545,Colorado,2020-11-01,382.71
546,Connecticut,2020-11-01,337.45
547,Delaware,2020-11-01,254.87
548,District of Columbia,2020-11-01,338.99
549,Florida,2020-11-01,228.8
550,Georgia,2020-11-01,258.3
551,Hawaii,2020-11-01,422.72
552,Idaho,2020-11-01,331.43
553,Illinois,2020-11-01,342.55
554,Indiana,2020-11-01,232.05
555,Iowa,2020-11-01,392.27
556,Kansas,2020-11-01,406.89
557,Kentucky,2020-11-01,302.09
558,Louisiana,2020-11-01,183.04
559,Maine,2020-11-01,312.51
560,Maryland,2020-11-01,396.0
561,Massachusetts,2020-11-01,490.85
562,Michigan,2020-11-01,314.27
563,Minnesota,2020-11-01,417.36
564,Mississippi,2020-11-01,188.45
565,Missouri,2020-11-01,248.04
566,Montana,2020-11-01,446.25
567,Nebraska,2020-11-01,326.69
568,Nevada,2020-11-01,377.59
569,New Hampshire,2020-11-01,283.63
570,New Jersey,2020-11-01,420.91
571,New Mexico,2020-11-01,317.41
572,New York,2020-11-01,347.24
573,North Carolina,2020-11-01,227.7
574,North Dakota,2020-11-01,477.27
575,Ohio,2020-11-01,349.78
576,Oklahoma,2020-11-01,346.3
577,Oregon,2020-11-01,382.61
578,Pennsylvania,2020-11-01,357.51
579,Puerto Rico,2020-11-01,622.92
580,Rhode Island,2020-11-01,375.43
581,South Carolina,2020-11-01,215.05
582,South Dakota,2020-11-01,333.73
583,Tennessee,2020-11-01,221.55
584,Texas,2020-11-01,394.4
585,Utah,2020-11-01,420.07
586,Vermont,2020-11-01,362.09
587,Virgin Islands,2020-11-01,393.45
588,Virginia,2020-11-01,293.27
589,Washington,2020-11-01,451.42
590,West Virginia,2020-11-01,271.71
591,Wisconsin,2020-11-01,298.95
592,Wyoming,2020-11-01,430.93
593,US,2020-11-01,330.1
594,Alabama,2020-12-01,276.39
595,Alaska,2020-12-01,303.04
596,Arizona,2020-12-01,234.21
597,Arkansas,2020-12-01,245.67
598,California,2020-12-01,295.7
599,Colorado,2020-12-01,404.35
600,Connecticut,2020-12-01,356.34
601,Delaware,2020-12-01,263.56
602,District of Columbia,2020-12-01,340.15
603,Florida,2020-12-01,231.35
604,Georgia,2020-12-01,263.7
605,Hawaii,2020-12-01,419.99
606,Idaho,2020-12-01,340.14
607,Illinois,2020-12-01,353.33
608,Indiana,2020-12-01,242.3
609,Iowa,2020-12-01,408.25
610,Kansas,2020-12-01,429.64
611,Kentucky,2020-12-01,300.49
612,Louisiana,2020-12-01,185.83
613,Maine,2020-12-01,327.05
614,Maryland,2020-12-01,419.66
615,Massachusetts,2020-12-01,496.73
616,Michigan,2020-12-01,302.34
617,Minnesota,2020-12-01,415.18
618,Mississippi,2020-12-01,192.74
619,Missouri,2020-12-01,253.02
620,Montana,2020-12-01,448.01
621,Nebraska,2020-12-01,335.43
622,Nevada,2020-12-01,376.12
623,New Hampshire,2020-12-01,288.75
624,New Jersey,2020-12-01,431.11
625,New Mexico,2020-12-01,313.39
626,New York,2020-12-01,355.62
627,North Carolina,2020-12-01,233.4
628,North Dakota,2020-12-01,478.29
629,Ohio,2020-12-01,362.59
630,Oklahoma,2020-12-01,355.18
631,Oregon,2020-12-01,378.49
632,Pennsylvania,2020-12-01,361.46
633,Puerto Rico,2020-12-01,304.43
634,Rhode Island,2020-12-01,379.18
635,South Carolina,2020-12-01,217.78
636,South Dakota,2020-12-01,348.39
637,Tennessee,2020-12-01,225.48
638,Texas,2020-12-01,405.95
639,Utah,2020-12-01,426.44
640,Vermont,2020-12-01,368.36
641,Virgin Islands,2020-12-01,393.03
642,Virginia,2020-12-01,285.03
643,Washington,2020-12-01,444.24
644,West Virginia,2020-12-01,280.87
645,Wisconsin,2020-12-01,295.21
646,Wyoming,2020-12-01,428.18
647,US,2020-12-01,339.09
648,Alabama,2021-01-01,287.52
649,Alaska,2021-01-01,301.8
650,Arizona,2021-01-01,238.23
651,Arkansas,2021-01-01,248.7
652,California,2021-01-01,307.24
653,Colorado,2021-01-01,380.89
654,Connecticut,2021-01-01,364.0
655,Delaware,2021-01-01,247.96
656,District of Columbia,2021-01-01,346.57
657,Florida,2021-01-01,233.59
658,Georgia,2021-01-01,272.05
659,Hawaii,2021-01-01,441.36
660,Idaho,2021-01-01,351.32
661,Illinois,2021-01-01,363.38
662,Indiana,2021-01-01,247.52
663,Iowa,2021-01-01,425.24
664,Kansas,2021-01-01,432.77
665,Kentucky,2021-01-01,325.01
666,Louisiana,2021-01-01,192.98
667,Maine,2021-01-01,336.74
668,Maryland,2021-01-01,330.25
669,Massachusetts,2021-01-01,521.24
670,Michigan,2021-01-01,336.89
671,Minnesota,2021-01-01,435.55
672,Mississippi,2021-01-01,190.27
673,Missouri,2021-01-01,253.87
674,Montana,2021-01-01,470.47
675,Nebraska,2021-01-01,342.19
676,Nevada,2021-01-01,371.22
677,New Hampshire,2021-01-01,279.36
678,New Jersey,2021-01-01,443.41
679,New Mexico,2021-01-01,315.5
680,New York,2021-01-01,357.57
681,North Carolina,2021-01-01,222.14
682,North Dakota,2021-01-01,486.51
683,Ohio,2021-01-01,373.26
684,Oklahoma,2021-01-01,356.46
685,Oregon,2021-01-01,376.99
686,Pennsylvania,2021-01-01,364.45
687,Puerto Rico,2021-01-01,199.34
688,Rhode Island,2021-01-01,395.29
689,South Carolina,2021-01-01,221.28
690,South Dakota,2021-01-01,360.52
691,Tennessee,2021-01-01,222.89
692,Texas,2021-01-01,411.3
693,Utah,2021-01-01,427.04
694,Vermont,2021-01-01,377.85
695,Virgin Islands,2021-01-01,416.77
696,Virginia,2021-01-01,291.35
697,Washington,2021-01-01,458.5
698,West Virginia,2021-01-01,279.67
699,Wisconsin,2021-01-01,307.03
700,Wyoming,2021-01-01,428.96
701,US,2021-01-01,346.46
702,Alabama,2021-02-01,281.84
703,Alaska,2021-02-01,297.47
704,Arizona,2021-02-01,238.83
705,Arkansas,2021-02-01,249.26
706,California,2021-02-01,311.25
707,Colorado,2021-02-01,375.54
708,Connecticut,2021-02-01,363.07
709,Delaware,2021-02-01,269.6
710,District of Columbia,2021-02-01,350.67
711,Florida,2021-02-01,237.98
712,Georgia,2021-02-01,273.87
713,Hawaii,2021-02-01,455.95
714,Idaho,2021-02-01,355.11
715,Illinois,2021-02-01,373.27
716,Indiana,2021-02-01,258.92
717,Iowa,2021-02-01,431.71
718,Kansas,2021-02-01,412.97
719,Kentucky,2021-02-01,335.16
720,Louisiana,2021-02-01,193.03
721,Maine,2021-02-01,337.87
722,Maryland,2021-02-01,317.72
723,Massachusetts,2021-02-01,500.18
724,Michigan,2021-02-01,317.93
725,Minnesota,2021-02-01,453.7
726,Mississippi,2021-02-01,194.4
727,Missouri,2021-02-01,256.73
728,Montana,2021-02-01,472.41
729,Nebraska,2021-02-01,350.33
730,Nevada,2021-02-01,363.12
731,New Hampshire,2021-02-01,280.24
732,New Jersey,2021-02-01,461.55
733,New Mexico,2021-02-01,324.94
734,New York,2021-02-01,363.08
735,North Carolina,2021-02-01,218.36
736,North Dakota,2021-02-01,485.02
737,Ohio,2021-02-01,382.4
738,Oklahoma,2021-02-01,313.85
739,Oregon,2021-02-01,377.78
740,Pennsylvania,2021-02-01,386.06
741,Puerto Rico,2021-02-01,518.2
742,Rhode Island,2021-02-01,399.61
743,South Carolina,2021-02-01,225.98
744,South Dakota,2021-02-01,369.3
745,Tennessee,2021-02-01,217.05
746,Texas,2021-02-01,409.29
747,Utah,2021-02-01,424.31
748,Vermont,2021-02-01,381.61
749,Virgin Islands,2021-02-01,410.11
750,Virginia,2021-02-01,289.61
751,Washington,2021-02-01,454.65
752,West Virginia,2021-02-01,278.39
753,Wisconsin,2021-02-01,312.53
754,Wyoming,2021-02-01,430.45
755,US,2021-02-01,349.74
756,Alabama,2021-03-01,282.98
757,Alaska,2021-03-01,298.0
758,Arizona,2021-03-01,238.53
759,Arkansas,2021-03-01,248.47
760,California,2021-03-01,313.49
761,Colorado,2021-03-01,406.74
762,Connecticut,2021-03-01,361.25
763,Delaware,2021-03-01,262.82
764,District of Columbia,2021-03-01,358.83
765,Florida,2021-03-01,232.57
766,Georgia,2021-03-01,278.95
767,Hawaii,2021-03-01,463.85
768,Idaho,2021-03-01,355.11
769,Illinois,2021-03-01,371.5
770,Indiana,2021-03-01,254.74
771,Iowa,2021-03-01,430.85
772,Kansas,2021-03-01,417.56
773,Kentucky,2021-03-01,352.08
774,Louisiana,2021-03-01,187.93
775,Maine,2021-03-01,340.2
776,Maryland,2021-03-01,308.92
777,Massachusetts,2021-03-01,489.93
778,Michigan,2021-03-01,319.52
779,Minnesota,2021-03-01,454.93
780,Mississippi,2021-03-01,195.4
781,Missouri,2021-03-01,258.57
782,Montana,2021-03-01,468.47
783,Nebraska,2021-03-01,353.18
784,Nevada,2021-03-01,347.97
785,New Hampshire,2021-03-01,277.26
786,New Jersey,2021-03-01,474.61
787,New Mexico,2021-03-01,329.87
788,New York,2021-03-01,365.75
789,North Carolina,2021-03-01,235.0
790,North Dakota,2021-03-01,480.13
791,Ohio,2021-03-01,383.85
792,Oklahoma,2021-03-01,310.89
793,Oregon,2021-03-01,382.28
794,Pennsylvania,2021-03-01,390.05
795,Puerto Rico,2021-03-01,198.52
796,Rhode Island,2021-03-01,389.11
797,South Carolina,2021-03-01,228.79
798,South Dakota,2021-03-01,369.3
799,Tennessee,2021-03-01,219.45
800,Texas,2021-03-01,405.23
801,Utah,2021-03-01,427.52
802,Vermont,2021-03-01,384.25
803,Virgin Islands,2021-03-01,442.52
804,Virginia,2021-03-01,291.74
805,Washington,2021-03-01,453.4
806,West Virginia,2021-03-01,276.15
807,Wisconsin,2021-03-01,314.25
808,Wyoming,2021-03-01,429.31
809,US,2021-03-01,351.09
